run_id,id,db_id,difficulty,step_index,event_sequence,turn,action_type,sql,tables,projection_count,sql_delta_from_previous,observation_state,result_matches_gold,transition_type,is_first_nonmatching_execution,retrieval_diagnostic,semantic_error_class,semantic_subcategory,state_payload
20260714T175914Z-da6c6e2d,bird_1031,european_football_2,challenging,1,1,1,query_plan.initial,,[],,not_applicable,plan_valid,unknown,query_plan.initial,false,retrieval_complete_mining_abstained_semantic_failure,SEMANTIC_REVIEW_REQUIRED,filter_scope_or_expression_mismatch,"{""valid"": true, ""payload"": {""target_entity"": ""player"", ""grain"": ""player or player-attribute record with qualifying sprint_speed/date"", ""schema_links"": [""Player.player_api_id = Player_Attributes.player_api_id""], ""required_tables"": [""Player"", ""Player_Attributes""], ""joins"": [{""left_table"": ""Player"", ""right_table"": ""Player_Attributes"", ""condition"": ""Player.player_api_id = Player_Attributes.player_api_id"", ""type"": ""INNER""}], ""filters"": [{""table"": ""Player_Attributes"", ""column"": ""sprint_speed"", ""operator"": "">="", ""value"": 97}, {""table"": ""Player_Attributes"", ""column"": ""date"", ""operator"": ""YEAR(date) BETWEEN"", ""value"": [""2013"", ""2015""]}], ""group_by"": [], ""aggregates"": [], ""aggregation_scope"": ""none"", ""aggregation_justification"": null, ""having"": [], ""order_by"": [], ""limit"": null, ""answer_type"": ""rows"", ""answer_scope"": ""per_entity_rows"", ""output_columns"": [{""position"": 1, ""semantic_item"": ""player current age"", ""source_columns"": [""Player.birthday""], ""sql_expression"": ""CAST((julianday('now') - julianday(Player.birthday)) / 365.25 AS INT)"", ""source_justification"": ""The question asks for the player's age at present, which is derived from Player.birthday using the provided age definition."", ""aggregation"": ""none""}], ""candidate_purpose"": ""explore"", ""expected_result_shape"": {""answer_type"": ""rows"", ""column_count"": 1, ""row_grain"": ""qualifying player-attribute records or players""}, ""unresolved_assumptions"": [""The question does not explicitly request an average or other aggregation, so the query returns one age value per qualifying player row."", ""Distinctness is not enforced because the prompt does not specify whether repeated attribute records per player should be deduplicated.""], ""revision"": null}, ""errors"": []}"
20260714T175914Z-da6c6e2d,bird_1031,european_football_2,challenging,2,2,1,db.execute,"SELECT CAST((julianday('now') - julianday(Player.birthday)) / 365.25 AS INT) AS age
FROM Player
INNER JOIN Player_Attributes
  ON Player.player_api_id = Player_Attributes.player_api_id
WHERE Player_Attributes.sprint_speed >= 97
  AND CAST(strftime('%Y', Player_Attributes.date) AS INTEGER) >= 2013
  AND CAST(strftime('%Y', Player_Attributes.date) AS INTEGER) <= 2015","[""player"", ""player_attributes""]",1,initial_sql,nonmatching,false,initial_execution_nonmatching,true,retrieval_complete_mining_abstained_semantic_failure,SEMANTIC_REVIEW_REQUIRED,filter_scope_or_expression_mismatch,
20260714T175914Z-da6c6e2d,bird_1031,european_football_2,challenging,3,3,1,query_plan.adherence,"SELECT CAST((julianday('now') - julianday(Player.birthday)) / 365.25 AS INT) AS age
FROM Player
INNER JOIN Player_Attributes
  ON Player.player_api_id = Player_Attributes.player_api_id
WHERE Player_Attributes.sprint_speed >= 97
  AND CAST(strftime('%Y', Player_Attributes.date) AS INTEGER) >= 2013
  AND CAST(strftime('%Y', Player_Attributes.date) AS INTEGER) <= 2015",[],,not_applicable,adherence_passed,unknown,query_plan.adherence,false,retrieval_complete_mining_abstained_semantic_failure,SEMANTIC_REVIEW_REQUIRED,filter_scope_or_expression_mismatch,"{""schema_version"": 3, ""checks"": {""projection_count"": true, ""group_by_presence"": true, ""having_presence"": true, ""order_by_presence"": true, ""limit_presence"": true, ""required_tables_presence"": true}, ""passed"": true, ""expected_projection_count"": 1, ""actual_projection_count"": 1, ""enforced"": false}"
20260714T175914Z-da6c6e2d,bird_1031,european_football_2,challenging,4,4,1,db.execute,"SELECT CAST((julianday('now') - julianday(Player.birthday)) / 365.25 AS INT) AS age
FROM Player
INNER JOIN Player_Attributes
  ON Player.player_api_id = Player_Attributes.player_api_id
WHERE Player_Attributes.sprint_speed >= 97
  AND CAST(strftime('%Y', Player_Attributes.date) AS INTEGER) >= 2013
  AND CAST(strftime('%Y', Player_Attributes.date) AS INTEGER) <= 2015","[""player"", ""player_attributes""]",1,unchanged,nonmatching,false,remained_nonmatching,false,retrieval_complete_mining_abstained_semantic_failure,SEMANTIC_REVIEW_REQUIRED,filter_scope_or_expression_mismatch,
20260714T175914Z-da6c6e2d,bird_1031,european_football_2,challenging,5,5,1,query_plan.adherence,"SELECT CAST((julianday('now') - julianday(Player.birthday)) / 365.25 AS INT) AS age
FROM Player
INNER JOIN Player_Attributes
  ON Player.player_api_id = Player_Attributes.player_api_id
WHERE Player_Attributes.sprint_speed >= 97
  AND CAST(strftime('%Y', Player_Attributes.date) AS INTEGER) >= 2013
  AND CAST(strftime('%Y', Player_Attributes.date) AS INTEGER) <= 2015",[],,not_applicable,adherence_passed,unknown,query_plan.adherence,false,retrieval_complete_mining_abstained_semantic_failure,SEMANTIC_REVIEW_REQUIRED,filter_scope_or_expression_mismatch,"{""schema_version"": 3, ""checks"": {""projection_count"": true, ""group_by_presence"": true, ""having_presence"": true, ""order_by_presence"": true, ""limit_presence"": true, ""required_tables_presence"": true}, ""passed"": true, ""expected_projection_count"": 1, ""actual_projection_count"": 1, ""enforced"": false}"
20260714T175914Z-da6c6e2d,bird_1031,european_football_2,challenging,6,6,3,FINAL,"SELECT CAST((julianday('now') - julianday(Player.birthday)) / 365.25 AS INT) AS age FROM Player INNER JOIN Player_Attributes ON Player.player_api_id = Player_Attributes.player_api_id WHERE Player_Attributes.sprint_speed >= 97 AND CAST(strftime('%Y', Player_Attributes.date) AS INTEGER) BETWEEN 2013 AND 2015","[""player"", ""player_attributes""]",1,expression_or_projection,benchmark_nonmatching_final,false,unverified_rewrite_after_nonmatching_execution,false,retrieval_complete_mining_abstained_semantic_failure,SEMANTIC_REVIEW_REQUIRED,filter_scope_or_expression_mismatch,
