run_id,id,db_id,difficulty,wrong_turn,error_class,subcategory,control_flow_class,control_flow_subcategory,semantic_error_class,semantic_subcategory,sql_change_type,semantic_fix_idea,semantic_notes,fix_idea,notes
20260714T023630Z-7eab3a22,bird_1011,formula_1,challenging,2,UNVERIFIED_FINAL,final_sql_rewritten_after_incorrect_observation,UNVERIFIED_FINAL,final_sql_rewritten_after_incorrect_observation,OUTPUT_CONTRACT,output_column_count_mismatch,expression_or_projection_only,生成输出契约并检查列数、顺序和每列含义。,"[AUTO confidence=medium] 预测列数=1，gold 列数=3；需复核 gold 合理性。 其他同时检测到但未作为主标签的结构差异（供人工复核）：SCHEMA_LINKING/table_or_join_path_mismatch: 表集合不同：pred=['drivers', 'laptimes']，gold=['drivers', 'lap_times_in_seconds', 'laptimes']；需复核 gold。; AGGREGATION_REASONING/aggregation_or_grouping_mismatch: GROUP BY 字段不同：pred=['driverid', 'forename', 'surname)']，gold=['driverid) as t1 inner join drivers as t2 on t1.driverid = t2.driverid']。; AGGREGATION_REASONING/sort_direction_or_order_scope_mismatch: 排序结构不同：pred=[('shortest_lap_ms', 'asc'), ('full_name', 'asc')]，gold=[('min_time_in_seconds', 'asc')]。",成功 observation 后若为了语义改写 SQL，先执行改写版本；记录改写的是投影、过滤、聚合还是排序。,[AUTO confidence=high] 最终 SQL 与最近执行 SQL 不同；最近 observation=successful rows; last execution differs from gold；结构改写=expression_or_projection_only。
20260714T023630Z-7eab3a22,bird_1014,formula_1,challenging,2,UNVERIFIED_FINAL,final_sql_rewritten_after_incorrect_observation,UNVERIFIED_FINAL,final_sql_rewritten_after_incorrect_observation,OUTPUT_CONTRACT,output_column_count_mismatch,"tables, LIMIT",生成输出契约并检查列数、顺序和每列含义。,"[AUTO confidence=medium] 预测列数=2，gold 列数=1；需复核 gold 合理性。 其他同时检测到但未作为主标签的结构差异（供人工复核）：SCHEMA_LINKING/table_or_join_path_mismatch: 表集合不同：pred=['circuits', 'laptimes', 'races']，gold=['circuits', 'fastest_lap_times', 'races', 'results']；需复核 gold。; AGGREGATION_REASONING/aggregation_or_grouping_mismatch: 预测与 gold 的聚合关键字不同：min(。; AGGREGATION_REASONING/sort_direction_or_order_scope_mismatch: 排序结构不同：pred=[('milliseconds', 'asc'), ('time', 'asc')]，gold=['none']。",成功 observation 后若为了语义改写 SQL，先执行改写版本；记录改写的是投影、过滤、聚合还是排序。,"[AUTO confidence=high] 最终 SQL 与最近执行 SQL 不同；最近 observation=successful rows; last execution differs from gold；结构改写=tables, LIMIT。"
20260714T023630Z-7eab3a22,bird_1029,european_football_2,moderate,2,UNVERIFIED_FINAL,final_sql_rewritten_after_incorrect_observation,UNVERIFIED_FINAL,final_sql_rewritten_after_incorrect_observation,OUTPUT_CONTRACT,output_column_count_mismatch,tables,生成输出契约并检查列数、顺序和每列含义。,"[AUTO confidence=medium] 预测列数=2，gold 列数=1；需复核 gold 合理性。 其他同时检测到但未作为主标签的结构差异（供人工复核）：SCHEMA_LINKING/table_or_join_path_mismatch: 表集合不同：pred=['team', 'team_attributes', 'team_speeds']，gold=['team', 'team_attributes']；需复核 gold。; AGGREGATION_REASONING/aggregation_or_grouping_mismatch: GROUP BY 字段不同：pred=['buildupplayspeed from team_speeds', 'team_api_id', 'team_long_name ) select team_long_name']，gold=['none']。; AGGREGATION_REASONING/aggregation_or_grouping_mismatch: 预测与 gold 的聚合关键字不同：max(。; AGGREGATION_REASONING/sort_direction_or_order_scope_mismatch: 排序结构不同：pred=[('buildupplayspeed', 'desc')]，gold=[('buildupplayspeed', 'asc')]。",成功 observation 后若为了语义改写 SQL，先执行改写版本；记录改写的是投影、过滤、聚合还是排序。,[AUTO confidence=high] 最终 SQL 与最近执行 SQL 不同；最近 observation=successful rows; last execution differs from gold；结构改写=tables。
20260714T023630Z-7eab3a22,bird_1031,european_football_2,challenging,3,UNVERIFIED_FINAL,final_sql_rewritten_after_incorrect_observation,UNVERIFIED_FINAL,final_sql_rewritten_after_incorrect_observation,AGGREGATION_REASONING,sort_direction_or_order_scope_mismatch,expression_or_projection_only,显式记录排序字段、方向，以及排序发生在聚合前还是聚合后；不能只检查是否出现 ASC/DESC。,"[AUTO confidence=medium] 排序结构不同：pred=[('age;', 'asc')]，gold=['none']。",成功 observation 后若为了语义改写 SQL，先执行改写版本；记录改写的是投影、过滤、聚合还是排序。,[AUTO confidence=high] 最终 SQL 与最近执行 SQL 不同；最近 observation=successful rows; last execution differs from gold；结构改写=expression_or_projection_only。
20260714T023630Z-7eab3a22,bird_1058,european_football_2,challenging,3,UNVERIFIED_FINAL,final_sql_rewritten_after_incorrect_observation,UNVERIFIED_FINAL,final_sql_rewritten_after_incorrect_observation,SCHEMA_LINKING,table_or_join_path_mismatch,LIMIT,生成 SQL 前记录表、字段来源和 JOIN 路径，并通过 Schema 校验。,"[AUTO confidence=medium] 表集合不同：pred=['extremes', 'player', 'player_attributes', 'player_avg']，gold=['player', 'player_attributes']；需复核 gold。 其他同时检测到但未作为主标签的结构差异（供人工复核）：AGGREGATION_REASONING/aggregation_or_grouping_mismatch: GROUP BY 字段不同：pred=['height ) select player_name from player_avg where height in ( (select max_height from extremes), (select min_height from extremes) )', 'player_api_id', 'player_name']，gold=['none']。; AGGREGATION_REASONING/sort_direction_or_order_scope_mismatch: 排序结构不同：pred=[('avg_finishing', 'desc'), ('player_name', 'asc')]，gold=[('result', 'desc')]。",成功 observation 后若为了语义改写 SQL，先执行改写版本；记录改写的是投影、过滤、聚合还是排序。,[AUTO confidence=high] 最终 SQL 与最近执行 SQL 不同；最近 observation=successful rows; last execution differs from gold；结构改写=LIMIT。
20260714T023630Z-7eab3a22,bird_1092,european_football_2,simple,2,UNVERIFIED_FINAL,final_sql_rewritten_after_incorrect_observation,UNVERIFIED_FINAL,final_sql_rewritten_after_incorrect_observation,AGGREGATION_REASONING,aggregation_or_grouping_mismatch,expression_or_projection_only,生成 SQL 前明确统计对象、分组键和聚合粒度；检查 GROUP BY 的实际字段，而不只是是否出现该关键字。,"[AUTO confidence=medium] GROUP BY 字段不同：pred=['id', 'name']，gold=['name']。 其他同时检测到但未作为主标签的结构差异（供人工复核）：AGGREGATION_REASONING/aggregation_or_grouping_mismatch: 预测与 gold 的聚合关键字不同：having, max(。; AGGREGATION_REASONING/sort_direction_or_order_scope_mismatch: 排序结构不同：pred=[('count(*)', 'desc'), ('name', 'asc')]，gold=['none']。; AGGREGATION_REASONING/limit_or_topk_mismatch: LIMIT 不同：pred=1，gold=none。",成功 observation 后若为了语义改写 SQL，先执行改写版本；记录改写的是投影、过滤、聚合还是排序。,[AUTO confidence=high] 最终 SQL 与最近执行 SQL 不同；最近 observation=successful rows; last execution differs from gold；结构改写=expression_or_projection_only。
20260714T023630Z-7eab3a22,bird_1094,european_football_2,challenging,5,UNVERIFIED_FINAL,final_sql_rewritten_after_incorrect_observation,UNVERIFIED_FINAL,final_sql_rewritten_after_incorrect_observation,SCHEMA_LINKING,table_or_join_path_mismatch,"tables, ORDER BY",生成 SQL 前记录表、字段来源和 JOIN 路径，并通过 Schema 校验。,"[AUTO confidence=medium] 表集合不同：pred=['player', 'player_attributes', 'ratings']，gold=['player', 'player_attributes']；需复核 gold。 其他同时检测到但未作为主标签的结构差异（供人工复核）：AGGREGATION_REASONING/aggregation_or_grouping_mismatch: GROUP BY 字段不同：pred=[""player_name) select ((select overall_rating from ratings where player_name = 'ariel borysiuk') - (select overall_rating from ratings where player_name = 'paulin puel')) * 100.0 / (select overall_rating from ratings where player_name = 'paulin puel') as percentage_higher;""]，gold=['none']。; AGGREGATION_REASONING/aggregation_or_grouping_mismatch: 预测与 gold 的聚合关键字不同：sum(, avg(。",成功 observation 后若为了语义改写 SQL，先执行改写版本；记录改写的是投影、过滤、聚合还是排序。,"[AUTO confidence=high] 最终 SQL 与最近执行 SQL 不同；最近 observation=successful rows; last execution differs from gold；结构改写=tables, ORDER BY。"
20260714T023630Z-7eab3a22,bird_1107,european_football_2,moderate,4,UNVERIFIED_FINAL,final_sql_rewritten_after_incorrect_observation,UNVERIFIED_FINAL,final_sql_rewritten_after_incorrect_observation,SCHEMA_LINKING,table_or_join_path_mismatch,"tables, ORDER BY, aggregate",生成 SQL 前记录表、字段来源和 JOIN 路径，并通过 Schema 校验。,"[AUTO confidence=medium] 表集合不同：pred=['kevin', 'player', 'player_attributes']，gold=['player', 'player_attributes']；需复核 gold。 其他同时检测到但未作为主标签的结构差异（供人工复核）：AGGREGATION_REASONING/aggregation_or_grouping_mismatch: 预测与 gold 的聚合关键字不同：min(, max(。; AGGREGATION_REASONING/sort_direction_or_order_scope_mismatch: 排序结构不同：pred=['none']，gold=[('crossing ) order by date', 'desc')]。; AGGREGATION_REASONING/limit_or_topk_mismatch: LIMIT 不同：pred=none，gold=1。",成功 observation 后若为了语义改写 SQL，先执行改写版本；记录改写的是投影、过滤、聚合还是排序。,"[AUTO confidence=high] 最终 SQL 与最近执行 SQL 不同；最近 observation=successful rows; last execution differs from gold；结构改写=tables, ORDER BY, aggregate。"
20260714T023630Z-7eab3a22,bird_1135,european_football_2,moderate,3,UNVERIFIED_FINAL,final_sql_rewritten_after_incorrect_observation,UNVERIFIED_FINAL,final_sql_rewritten_after_incorrect_observation,SCHEMA_LINKING,table_or_join_path_mismatch,"tables, HAVING",生成 SQL 前记录表、字段来源和 JOIN 路径，并通过 Schema 校验。,"[AUTO confidence=medium] 表集合不同：pred=['player_attributes', 'player_min']，gold=['player_attributes']；需复核 gold。 其他同时检测到但未作为主标签的结构差异（供人工复核）：AGGREGATION_REASONING/aggregation_or_grouping_mismatch: GROUP BY 字段不同：pred=['player_api_id) select player_api_id from player_min where min_potential = (select min(min_potential) from player_min)']，gold=['none']。; AGGREGATION_REASONING/aggregation_or_grouping_mismatch: 预测与 gold 的聚合关键字不同：min(。; AGGREGATION_REASONING/sort_direction_or_order_scope_mismatch: 排序结构不同：pred=[('player_api_id', 'asc')]，gold=[('potential', 'asc')]。",成功 observation 后若为了语义改写 SQL，先执行改写版本；记录改写的是投影、过滤、聚合还是排序。,"[AUTO confidence=high] 最终 SQL 与最近执行 SQL 不同；最近 observation=successful rows; last execution differs from gold；结构改写=tables, HAVING。"
20260714T023630Z-7eab3a22,bird_1144,european_football_2,simple,2,UNVERIFIED_FINAL,final_sql_rewritten_after_incorrect_observation,UNVERIFIED_FINAL,final_sql_rewritten_after_incorrect_observation,OUTPUT_CONTRACT,output_column_count_mismatch,"tables, WHERE, ORDER BY, LIMIT",生成输出契约并检查列数、顺序和每列含义。,"[AUTO confidence=medium] 预测列数=2，gold 列数=3；需复核 gold 合理性。 其他同时检测到但未作为主标签的结构差异（供人工复核）：SCHEMA_LINKING/table_or_join_path_mismatch: 表集合不同：pred=['heaviest_player', 'latest_attr', 'player', 'player_attributes']，gold=['player', 'player_attributes']；需复核 gold。; AGGREGATION_REASONING/aggregation_or_grouping_mismatch: 预测与 gold 的聚合关键字不同：max(。; AGGREGATION_REASONING/sort_direction_or_order_scope_mismatch: 排序结构不同：pred=[('player_api_id', 'asc')]，gold=[('weight', 'desc')]。",成功 observation 后若为了语义改写 SQL，先执行改写版本；记录改写的是投影、过滤、聚合还是排序。,"[AUTO confidence=high] 最终 SQL 与最近执行 SQL 不同；最近 observation=successful rows; last execution differs from gold；结构改写=tables, WHERE, ORDER BY, LIMIT。"
20260714T023630Z-7eab3a22,bird_115,financial,challenging,2,UNVERIFIED_FINAL,final_sql_rewritten_after_incorrect_observation,UNVERIFIED_FINAL,final_sql_rewritten_after_incorrect_observation,SCHEMA_LINKING,table_or_join_path_mismatch,"tables, aggregate",生成 SQL 前记录表、字段来源和 JOIN 路径，并通过 Schema 校验。,"[AUTO confidence=medium] 表集合不同：pred=['account', 'client', 'disp', 'district']，gold=['client', 'district']；需复核 gold。 其他同时检测到但未作为主标签的结构差异（供人工复核）：AGGREGATION_REASONING/aggregation_or_grouping_mismatch: GROUP BY 字段不同：pred=['none']，gold=['a4']。; AGGREGATION_REASONING/aggregation_or_grouping_mismatch: 预测与 gold 的聚合关键字不同：sum(。; AGGREGATION_REASONING/sort_direction_or_order_scope_mismatch: 排序结构不同：pred=[('cast(a4 as integer)', 'desc'), ('district_id', 'asc')]，gold=[('a4', 'desc')]。",成功 observation 后若为了语义改写 SQL，先执行改写版本；记录改写的是投影、过滤、聚合还是排序。,"[AUTO confidence=high] 最终 SQL 与最近执行 SQL 不同；最近 observation=successful rows; last execution differs from gold；结构改写=tables, aggregate。"
20260714T023630Z-7eab3a22,bird_1166,thrombosis_prediction,simple,3,UNVERIFIED_FINAL,final_sql_rewritten_after_incorrect_observation,UNVERIFIED_FINAL,final_sql_rewritten_after_incorrect_observation,AGGREGATION_REASONING,aggregation_or_grouping_mismatch,"tables, WHERE",生成 SQL 前明确统计对象、分组键、聚合函数和聚合后的排序字段。,"[AUTO confidence=medium] 预测与 gold 的聚合关键字不同：max(。 其他同时检测到但未作为主标签的结构差异（供人工复核）：AGGREGATION_REASONING/sort_direction_or_order_scope_mismatch: 排序结构不同：pred=['none']，gold=[('birthday', 'desc')]。; AGGREGATION_REASONING/limit_or_topk_mismatch: LIMIT 不同：pred=none，gold=1。",成功 observation 后若为了语义改写 SQL，先执行改写版本；记录改写的是投影、过滤、聚合还是排序。,"[AUTO confidence=high] 最终 SQL 与最近执行 SQL 不同；最近 observation=successful rows; last execution differs from gold；结构改写=tables, WHERE。"
20260714T023630Z-7eab3a22,bird_1168,thrombosis_prediction,challenging,5,UNVERIFIED_FINAL,final_sql_rewritten_after_incorrect_observation,UNVERIFIED_FINAL,final_sql_rewritten_after_incorrect_observation,OUTPUT_CONTRACT,output_column_count_mismatch,"tables, GROUP BY, LIMIT",生成输出契约并检查列数、顺序和每列含义。,"[AUTO confidence=medium] 预测列数=2，gold 列数=3；需复核 gold 合理性。 其他同时检测到但未作为主标签的结构差异（供人工复核）：SCHEMA_LINKING/table_or_join_path_mismatch: 表集合不同：pred=['examination', 'laboratory', 'patient', 'sjs_patients']，gold=['laboratory', 'patient']；需复核 gold。; AGGREGATION_REASONING/aggregation_or_grouping_mismatch: 预测与 gold 的聚合关键字不同：min(。; AGGREGATION_REASONING/sort_direction_or_order_scope_mismatch: 排序结构不同：pred=[('birthday', 'asc'), ('id', 'asc')]，gold=[('birthday', 'asc')]。",成功 observation 后若为了语义改写 SQL，先执行改写版本；记录改写的是投影、过滤、聚合还是排序。,"[AUTO confidence=high] 最终 SQL 与最近执行 SQL 不同；最近 observation=successful rows; last execution differs from gold；结构改写=tables, GROUP BY, LIMIT。"
20260714T023630Z-7eab3a22,bird_1171,thrombosis_prediction,challenging,3,SEMANTIC_REVIEW_REQUIRED,filter_scope_or_expression_mismatch,,,SEMANTIC_REVIEW_REQUIRED,filter_scope_or_expression_mismatch,,记录过滤字段、取值、时间范围和作用层级后再生成 SQL。,[AUTO confidence=low] 最终 SQL 已执行成功，但结果与 gold 不同；列数/表集合/JOIN key/GROUP BY/聚合关键字/排序/LIMIT 均未发现结构差异，需复核过滤范围或 gold 噪声。,记录过滤字段、取值、时间范围和作用层级后再生成 SQL。,[AUTO confidence=low] 最终 SQL 已执行成功，但结果与 gold 不同；列数/表集合/JOIN key/GROUP BY/聚合关键字/排序/LIMIT 均未发现结构差异，需复核过滤范围或 gold 噪声。
20260714T023630Z-7eab3a22,bird_1175,thrombosis_prediction,moderate,2,UNVERIFIED_FINAL,final_sql_rewritten_after_incorrect_observation,UNVERIFIED_FINAL,final_sql_rewritten_after_incorrect_observation,SCHEMA_LINKING,table_or_join_path_mismatch,tables,生成 SQL 前记录表、字段来源和 JOIN 路径，并通过 Schema 校验。,"[AUTO confidence=medium] 表集合不同：pred=['examination', 'laboratory', 'patient', 'ranked']，gold=['laboratory', 'patient']；需复核 gold。",成功 observation 后若为了语义改写 SQL，先执行改写版本；记录改写的是投影、过滤、聚合还是排序。,[AUTO confidence=high] 最终 SQL 与最近执行 SQL 不同；最近 observation=successful rows; last execution differs from gold；结构改写=tables。
20260714T023630Z-7eab3a22,bird_1179,thrombosis_prediction,moderate,8,RUNNER_OR_API,missing_final_sql,,,,,,,,没有有效 FINAL SQL 时自动重试并记录解析错误。,[AUTO confidence=high] 结果文件中的 predicted_sql 为空。
20260714T023630Z-7eab3a22,bird_118,financial,moderate,1,AGGREGATION_REASONING,aggregation_or_grouping_mismatch,,,AGGREGATION_REASONING,aggregation_or_grouping_mismatch,,生成 SQL 前明确统计对象、分组键、聚合函数和聚合后的排序字段。,[AUTO confidence=medium] 预测与 gold 的聚合关键字不同：count(。,生成 SQL 前明确统计对象、分组键、聚合函数和聚合后的排序字段。,[AUTO confidence=medium] 预测与 gold 的聚合关键字不同：count(。
20260714T023630Z-7eab3a22,bird_1205,thrombosis_prediction,moderate,2,UNVERIFIED_FINAL,final_sql_rewritten_after_incorrect_observation,UNVERIFIED_FINAL,final_sql_rewritten_after_incorrect_observation,OUTPUT_CONTRACT,yes_no_vs_row_output_mismatch,LIMIT,在 FINAL 前检查应返回单个 YES/NO 还是逐行原始字段。,"[AUTO confidence=medium] 预测与 gold 的 YES/NO 输出形式不同；可能包含 gold/Hint 冲突。 其他同时检测到但未作为主标签的结构差异（供人工复核）：AGGREGATION_REASONING/sort_direction_or_order_scope_mismatch: 排序结构不同：pred=[('date', 'desc')]，gold=['none']。; AGGREGATION_REASONING/limit_or_topk_mismatch: LIMIT 不同：pred=1，gold=none。",成功 observation 后若为了语义改写 SQL，先执行改写版本；记录改写的是投影、过滤、聚合还是排序。,[AUTO confidence=high] 最终 SQL 与最近执行 SQL 不同；最近 observation=successful rows; last execution differs from gold；结构改写=LIMIT。
20260714T023630Z-7eab3a22,bird_1225,thrombosis_prediction,moderate,1,AGGREGATION_REASONING,aggregation_or_grouping_mismatch,,,AGGREGATION_REASONING,aggregation_or_grouping_mismatch,,生成 SQL 前明确统计对象、分组键和聚合粒度；检查 GROUP BY 的实际字段，而不只是是否出现该关键字。,"[AUTO confidence=medium] GROUP BY 字段不同：pred=['sex']，gold=['id', 'sex']。 其他同时检测到但未作为主标签的结构差异（供人工复核）：AGGREGATION_REASONING/sort_direction_or_order_scope_mismatch: 排序结构不同：pred=[('sex', 'asc')]，gold=['none']。",生成 SQL 前明确统计对象、分组键和聚合粒度；检查 GROUP BY 的实际字段，而不只是是否出现该关键字。,"[AUTO confidence=medium] GROUP BY 字段不同：pred=['sex']，gold=['id', 'sex']。 其他同时检测到但未作为主标签的结构差异（供人工复核）：AGGREGATION_REASONING/sort_direction_or_order_scope_mismatch: 排序结构不同：pred=[('sex', 'asc')]，gold=['none']。"
20260714T023630Z-7eab3a22,bird_1238,thrombosis_prediction,moderate,2,UNVERIFIED_FINAL,final_sql_rewritten_after_incorrect_observation,UNVERIFIED_FINAL,final_sql_rewritten_after_incorrect_observation,SCHEMA_LINKING,table_or_join_path_mismatch,expression_or_projection_only,生成 SQL 前记录表、字段来源和 JOIN 路径，并通过 Schema 校验。,"[AUTO confidence=medium] 表集合不同：pred=['examination', 'laboratory', 'patient']，gold=['laboratory', 'patient']；需复核 gold。",成功 observation 后若为了语义改写 SQL，先执行改写版本；记录改写的是投影、过滤、聚合还是排序。,[AUTO confidence=high] 最终 SQL 与最近执行 SQL 不同；最近 observation=successful rows; last execution differs from gold；结构改写=expression_or_projection_only。
20260714T023630Z-7eab3a22,bird_1239,thrombosis_prediction,challenging,3,UNVERIFIED_FINAL,final_sql_rewritten_after_incorrect_observation,UNVERIFIED_FINAL,final_sql_rewritten_after_incorrect_observation,AGGREGATION_REASONING,aggregation_or_grouping_mismatch,expression_or_projection_only,生成 SQL 前明确统计对象、分组键和聚合粒度；检查 GROUP BY 的实际字段，而不只是是否出现该关键字。,"[AUTO confidence=medium] GROUP BY 字段不同：pred=['birthday', 'id']，gold=['id']。",成功 observation 后若为了语义改写 SQL，先执行改写版本；记录改写的是投影、过滤、聚合还是排序。,[AUTO confidence=high] 最终 SQL 与最近执行 SQL 不同；最近 observation=successful rows; last execution differs from gold；结构改写=expression_or_projection_only。
20260714T023630Z-7eab3a22,bird_1241,thrombosis_prediction,challenging,3,UNVERIFIED_FINAL,final_sql_rewritten_after_incorrect_observation,UNVERIFIED_FINAL,final_sql_rewritten_after_incorrect_observation,OUTPUT_CONTRACT,output_column_count_mismatch,"tables, WHERE, GROUP BY, HAVING",生成输出契约并检查列数、顺序和每列含义。,"[AUTO confidence=medium] 预测列数=2，gold 列数=1；需复核 gold 合理性。 其他同时检测到但未作为主标签的结构差异（供人工复核）：SCHEMA_LINKING/table_or_join_path_mismatch: 表集合不同：pred=['laboratory', 'patient_flags']，gold=['laboratory', 'patient']；需复核 gold。; AGGREGATION_REASONING/aggregation_or_grouping_mismatch: GROUP BY 字段不同：pred=['id']，gold=['none']。; AGGREGATION_REASONING/aggregation_or_grouping_mismatch: 预测与 gold 的聚合关键字不同：having, max(。",成功 observation 后若为了语义改写 SQL，先执行改写版本；记录改写的是投影、过滤、聚合还是排序。,"[AUTO confidence=high] 最终 SQL 与最近执行 SQL 不同；最近 observation=successful rows; last execution differs from gold；结构改写=tables, WHERE, GROUP BY, HAVING。"
20260714T023630Z-7eab3a22,bird_1242,thrombosis_prediction,challenging,3,UNVERIFIED_FINAL,final_sql_rewritten_after_incorrect_observation,UNVERIFIED_FINAL,final_sql_rewritten_after_incorrect_observation,AGGREGATION_REASONING,sort_direction_or_order_scope_mismatch,"ORDER BY, aggregate",显式记录排序字段、方向，以及排序发生在聚合前还是聚合后；不能只检查是否出现 ASC/DESC。,"[AUTO confidence=medium] 排序结构不同：pred=[('id;', 'asc')]，gold=['none']。",成功 observation 后若为了语义改写 SQL，先执行改写版本；记录改写的是投影、过滤、聚合还是排序。,"[AUTO confidence=high] 最终 SQL 与最近执行 SQL 不同；最近 observation=successful rows; last execution differs from gold；结构改写=ORDER BY, aggregate。"
20260714T023630Z-7eab3a22,bird_1243,thrombosis_prediction,challenging,1,AGGREGATION_REASONING,aggregation_or_grouping_mismatch,,,AGGREGATION_REASONING,aggregation_or_grouping_mismatch,,生成 SQL 前明确统计对象、分组键、聚合函数和聚合后的排序字段。,[AUTO confidence=medium] 预测与 gold 的聚合关键字不同：count(。,生成 SQL 前明确统计对象、分组键、聚合函数和聚合后的排序字段。,[AUTO confidence=medium] 预测与 gold 的聚合关键字不同：count(。
20260714T023630Z-7eab3a22,bird_1247,thrombosis_prediction,challenging,2,UNVERIFIED_FINAL,final_sql_rewritten_after_incorrect_observation,UNVERIFIED_FINAL,final_sql_rewritten_after_incorrect_observation,SEMANTIC_REVIEW_REQUIRED,filter_scope_or_expression_mismatch,"tables, WHERE",记录过滤字段、取值、时间范围和作用层级后再生成 SQL。,[AUTO confidence=low] 最终 SQL 已执行成功，但结果与 gold 不同；列数/表集合/JOIN key/GROUP BY/聚合关键字/排序/LIMIT 均未发现结构差异，需复核过滤范围或 gold 噪声。,成功 observation 后若为了语义改写 SQL，先执行改写版本；记录改写的是投影、过滤、聚合还是排序。,"[AUTO confidence=high] 最终 SQL 与最近执行 SQL 不同；最近 observation=successful rows; last execution differs from gold；结构改写=tables, WHERE。"
20260714T023630Z-7eab3a22,bird_125,financial,challenging,2,UNVERIFIED_FINAL,final_sql_rewritten_after_incorrect_observation,UNVERIFIED_FINAL,final_sql_rewritten_after_incorrect_observation,OUTPUT_CONTRACT,output_column_count_mismatch,"ORDER BY, LIMIT",生成输出契约并检查列数、顺序和每列含义。,"[AUTO confidence=medium] 预测列数=3，gold 列数=1；需复核 gold 合理性。 其他同时检测到但未作为主标签的结构差异（供人工复核）：AGGREGATION_REASONING/sort_direction_or_order_scope_mismatch: 排序结构不同：pred=[('a2', 'asc'), ('a3;', 'asc')]，gold=['none']。",成功 observation 后若为了语义改写 SQL，先执行改写版本；记录改写的是投影、过滤、聚合还是排序。,"[AUTO confidence=high] 最终 SQL 与最近执行 SQL 不同；最近 observation=successful rows; last execution differs from gold；结构改写=ORDER BY, LIMIT。"
20260714T023630Z-7eab3a22,bird_1251,thrombosis_prediction,simple,2,UNVERIFIED_FINAL,final_sql_rewritten_after_incorrect_observation,UNVERIFIED_FINAL,final_sql_rewritten_after_incorrect_observation,SCHEMA_LINKING,table_or_join_path_mismatch,expression_or_projection_only,生成 SQL 前记录表、字段来源和 JOIN 路径，并通过 Schema 校验。,"[AUTO confidence=medium] 表集合不同：pred=['laboratory']，gold=['examination', 'laboratory', 'patient']；需复核 gold。",成功 observation 后若为了语义改写 SQL，先执行改写版本；记录改写的是投影、过滤、聚合还是排序。,[AUTO confidence=high] 最终 SQL 与最近执行 SQL 不同；最近 observation=successful rows; last execution differs from gold；结构改写=expression_or_projection_only。
20260714T023630Z-7eab3a22,bird_1252,thrombosis_prediction,moderate,2,UNVERIFIED_FINAL,final_sql_rewritten_after_incorrect_observation,UNVERIFIED_FINAL,final_sql_rewritten_after_incorrect_observation,SCHEMA_LINKING,table_or_join_path_mismatch,expression_or_projection_only,生成 SQL 前记录表、字段来源和 JOIN 路径，并通过 Schema 校验。,"[AUTO confidence=medium] 表集合不同：pred=['examination', 'laboratory']，gold=['examination', 'laboratory', 'patient']；需复核 gold。",成功 observation 后若为了语义改写 SQL，先执行改写版本；记录改写的是投影、过滤、聚合还是排序。,[AUTO confidence=high] 最终 SQL 与最近执行 SQL 不同；最近 observation=successful rows; last execution differs from gold；结构改写=expression_or_projection_only。
20260714T023630Z-7eab3a22,bird_1254,thrombosis_prediction,moderate,2,UNVERIFIED_FINAL,final_sql_rewritten_after_incorrect_observation,UNVERIFIED_FINAL,final_sql_rewritten_after_incorrect_observation,SCHEMA_LINKING,join_key_or_condition_mismatch,expression_or_projection_only,核对 JOIN ON 条件使用的外键列是否与 gold 一致，避免选对表但连错关系。,[AUTO confidence=medium] 表集合相同，但 JOIN 条件涉及的列不同：pred=[]，gold=['id']。,成功 observation 后若为了语义改写 SQL，先执行改写版本；记录改写的是投影、过滤、聚合还是排序。,[AUTO confidence=high] 最终 SQL 与最近执行 SQL 不同；最近 observation=successful rows; last execution differs from gold；结构改写=expression_or_projection_only。
20260714T023630Z-7eab3a22,bird_1265,thrombosis_prediction,moderate,3,UNVERIFIED_FINAL,final_sql_rewritten_after_incorrect_observation,UNVERIFIED_FINAL,final_sql_rewritten_after_incorrect_observation,SEMANTIC_REVIEW_REQUIRED,filter_scope_or_expression_mismatch,expression_or_projection_only,记录过滤字段、取值、时间范围和作用层级后再生成 SQL。,[AUTO confidence=low] 最终 SQL 已执行成功，但结果与 gold 不同；列数/表集合/JOIN key/GROUP BY/聚合关键字/排序/LIMIT 均未发现结构差异，需复核过滤范围或 gold 噪声。,成功 observation 后若为了语义改写 SQL，先执行改写版本；记录改写的是投影、过滤、聚合还是排序。,[AUTO confidence=high] 最终 SQL 与最近执行 SQL 不同；最近 observation=successful rows; last execution differs from gold；结构改写=expression_or_projection_only。
20260714T023630Z-7eab3a22,bird_1267,thrombosis_prediction,moderate,2,UNVERIFIED_FINAL,final_sql_rewritten_after_incorrect_observation,UNVERIFIED_FINAL,final_sql_rewritten_after_incorrect_observation,SCHEMA_LINKING,table_or_join_path_mismatch,"tables, WHERE, GROUP BY, ORDER BY",生成 SQL 前记录表、字段来源和 JOIN 路径，并通过 Schema 校验。,"[AUTO confidence=medium] 表集合不同：pred=['examination', 'laboratory', 'normal_sm']，gold=['examination', 'laboratory']；需复核 gold。",成功 observation 后若为了语义改写 SQL，先执行改写版本；记录改写的是投影、过滤、聚合还是排序。,"[AUTO confidence=high] 最终 SQL 与最近执行 SQL 不同；最近 observation=successful rows; last execution differs from gold；结构改写=tables, WHERE, GROUP BY, ORDER BY。"
20260714T023630Z-7eab3a22,bird_128,financial,moderate,2,UNVERIFIED_FINAL,final_sql_rewritten_after_incorrect_observation,UNVERIFIED_FINAL,final_sql_rewritten_after_incorrect_observation,SCHEMA_LINKING,table_or_join_path_mismatch,tables,生成 SQL 前记录表、字段来源和 JOIN 路径，并通过 Schema 校验。,"[AUTO confidence=medium] 表集合不同：pred=['client', 'disp', 'district']，gold=['client', 'district']；需复核 gold。 其他同时检测到但未作为主标签的结构差异（供人工复核）：AGGREGATION_REASONING/sort_direction_or_order_scope_mismatch: 排序结构不同：pred=[('female_account_holders', 'desc'), ('a2', 'asc')]，gold=[('count(t1.client_id)', 'desc')]。",成功 observation 后若为了语义改写 SQL，先执行改写版本；记录改写的是投影、过滤、聚合还是排序。,[AUTO confidence=high] 最终 SQL 与最近执行 SQL 不同；最近 observation=successful rows; last execution differs from gold；结构改写=tables。
20260714T023630Z-7eab3a22,bird_129,financial,moderate,3,UNVERIFIED_FINAL,final_sql_rewritten_after_incorrect_observation,UNVERIFIED_FINAL,final_sql_rewritten_after_incorrect_observation,AGGREGATION_REASONING,aggregation_or_grouping_mismatch,expression_or_projection_only,生成 SQL 前明确统计对象、分组键和聚合粒度；检查 GROUP BY 的实际字段，而不只是是否出现该关键字。,"[AUTO confidence=medium] GROUP BY 字段不同：pred=['a2']，gold=['none']。 其他同时检测到但未作为主标签的结构差异（供人工复核）：AGGREGATION_REASONING/aggregation_or_grouping_mismatch: 预测与 gold 的聚合关键字不同：count(。; AGGREGATION_REASONING/sort_direction_or_order_scope_mismatch: 排序结构不同：pred=[('count(*)', 'desc'), ('a2', 'asc')]，gold=[('a2', 'asc')]。",成功 observation 后若为了语义改写 SQL，先执行改写版本；记录改写的是投影、过滤、聚合还是排序。,[AUTO confidence=high] 最终 SQL 与最近执行 SQL 不同；最近 observation=successful rows; last execution differs from gold；结构改写=expression_or_projection_only。
20260714T023630Z-7eab3a22,bird_1322,student_club,moderate,2,UNVERIFIED_FINAL,final_sql_rewritten_after_incorrect_observation,UNVERIFIED_FINAL,final_sql_rewritten_after_incorrect_observation,SEMANTIC_REVIEW_REQUIRED,filter_scope_or_expression_mismatch,WHERE,记录过滤字段、取值、时间范围和作用层级后再生成 SQL。,[AUTO confidence=low] 最终 SQL 已执行成功，但结果与 gold 不同；列数/表集合/JOIN key/GROUP BY/聚合关键字/排序/LIMIT 均未发现结构差异，需复核过滤范围或 gold 噪声。,成功 observation 后若为了语义改写 SQL，先执行改写版本；记录改写的是投影、过滤、聚合还是排序。,[AUTO confidence=high] 最终 SQL 与最近执行 SQL 不同；最近 observation=successful rows; last execution differs from gold；结构改写=WHERE。
20260714T023630Z-7eab3a22,bird_1338,student_club,moderate,2,UNVERIFIED_FINAL,final_sql_rewritten_after_incorrect_observation,UNVERIFIED_FINAL,final_sql_rewritten_after_incorrect_observation,OUTPUT_CONTRACT,output_column_count_mismatch,"tables, ORDER BY",生成输出契约并检查列数、顺序和每列含义。,"[AUTO confidence=medium] 预测列数=2，gold 列数=1；需复核 gold 合理性。 其他同时检测到但未作为主标签的结构差异（供人工复核）：AGGREGATION_REASONING/sort_direction_or_order_scope_mismatch: 排序结构不同：pred=[('expense_id;', 'asc')]，gold=['none']。",成功 observation 后若为了语义改写 SQL，先执行改写版本；记录改写的是投影、过滤、聚合还是排序。,"[AUTO confidence=high] 最终 SQL 与最近执行 SQL 不同；最近 observation=successful rows; last execution differs from gold；结构改写=tables, ORDER BY。"
20260714T023630Z-7eab3a22,bird_1399,student_club,moderate,1,OUTPUT_CONTRACT,yes_no_vs_row_output_mismatch,,,OUTPUT_CONTRACT,yes_no_vs_row_output_mismatch,,在 FINAL 前检查应返回单个 YES/NO 还是逐行原始字段。,[AUTO confidence=medium] 预测与 gold 的 YES/NO 输出形式不同；可能包含 gold/Hint 冲突。,在 FINAL 前检查应返回单个 YES/NO 还是逐行原始字段。,[AUTO confidence=medium] 预测与 gold 的 YES/NO 输出形式不同；可能包含 gold/Hint 冲突。
20260714T023630Z-7eab3a22,bird_1427,student_club,moderate,2,UNVERIFIED_FINAL,final_sql_rewritten_after_incorrect_observation,UNVERIFIED_FINAL,final_sql_rewritten_after_incorrect_observation,OUTPUT_CONTRACT,output_column_count_mismatch,ORDER BY,生成输出契约并检查列数、顺序和每列含义。,"[AUTO confidence=medium] 预测列数=1，gold 列数=2；需复核 gold 合理性。 其他同时检测到但未作为主标签的结构差异（供人工复核）：AGGREGATION_REASONING/sort_direction_or_order_scope_mismatch: 排序结构不同：pred=[('category', 'asc')]，gold=['none']。",成功 observation 后若为了语义改写 SQL，先执行改写版本；记录改写的是投影、过滤、聚合还是排序。,[AUTO confidence=high] 最终 SQL 与最近执行 SQL 不同；最近 observation=successful rows; last execution differs from gold；结构改写=ORDER BY。
20260714T023630Z-7eab3a22,bird_145,financial,moderate,2,UNVERIFIED_FINAL,final_sql_rewritten_after_incorrect_observation,UNVERIFIED_FINAL,final_sql_rewritten_after_incorrect_observation,SCHEMA_LINKING,table_or_join_path_mismatch,"tables, ORDER BY",生成 SQL 前记录表、字段来源和 JOIN 路径，并通过 Schema 校验。,"[AUTO confidence=medium] 表集合不同：pred=['disp', 'trans']，gold=['account', 'trans']；需复核 gold。 其他同时检测到但未作为主标签的结构差异（供人工复核）：AGGREGATION_REASONING/sort_direction_or_order_scope_mismatch: 排序结构不同：pred=[('client_id;', 'asc')]，gold=['none']。",成功 observation 后若为了语义改写 SQL，先执行改写版本；记录改写的是投影、过滤、聚合还是排序。,"[AUTO confidence=high] 最终 SQL 与最近执行 SQL 不同；最近 observation=successful rows; last execution differs from gold；结构改写=tables, ORDER BY。"
20260714T023630Z-7eab3a22,bird_1481,debit_card_specializing,challenging,3,UNVERIFIED_FINAL,final_sql_rewritten_after_incorrect_observation,UNVERIFIED_FINAL,final_sql_rewritten_after_incorrect_observation,SCHEMA_LINKING,table_or_join_path_mismatch,tables,生成 SQL 前记录表、字段来源和 JOIN 路径，并通过 Schema 校验。,"[AUTO confidence=medium] 表集合不同：pred=['customers', 'lowest_customers', 'min_per_segment', 'segment_avg', 'yearly', 'yearmonth']，gold=['customers', 'yearmonth']；需复核 gold。 其他同时检测到但未作为主标签的结构差异（供人工复核）：AGGREGATION_REASONING/aggregation_or_grouping_mismatch: GROUP BY 字段不同：pred=[""(select annual_avg from segment_avg where segment = 'kam') - (select annual_avg from segment_avg where segment = 'sme') as difference_kam_sme;"", ""(select annual_avg from segment_avg where segment = 'lam') - (select annual_avg from segment_avg where segment = 'kam') as difference_lam_kam"", 'customerid)', 'lowest_customers as (select y.segment, y.customerid, y.total_consumption from yearly y join min_per_segment m on y.segment = m.segment and y.total_consumption = m.min_consumption)', 'min_per_segment as (select segment, min(total_consumption) as min_consumption from yearly group by segment)', 'segment', ""segment_avg as (select segment, sum(total_consumption) * 1.0 / count(*) as annual_avg from lowest_customers group by segment) select (select annual_avg from segment_avg where segment = 'sme') - (select annual_avg from segment_avg where segment = 'lam') as difference_sme_lam""]，gold=['none']。",成功 observation 后若为了语义改写 SQL，先执行改写版本；记录改写的是投影、过滤、聚合还是排序。,[AUTO confidence=high] 最终 SQL 与最近执行 SQL 不同；最近 observation=successful rows; last execution differs from gold；结构改写=tables。
20260714T023630Z-7eab3a22,bird_1482,debit_card_specializing,challenging,4,UNVERIFIED_FINAL,final_sql_rewritten_after_incorrect_observation,UNVERIFIED_FINAL,final_sql_rewritten_after_incorrect_observation,SCHEMA_LINKING,table_or_join_path_mismatch,LIMIT,生成 SQL 前记录表、字段来源和 JOIN 路径，并通过 Schema 校验。,"[AUTO confidence=medium] 表集合不同：pred=['customers', 'segment_pct', 'segment_year', 'yearmonth']，gold=['customers', 'yearmonth']；需复核 gold。 其他同时检测到但未作为主标签的结构差异（供人工复核）：AGGREGATION_REASONING/aggregation_or_grouping_mismatch: GROUP BY 字段不同：pred=['(select pct_increase from segment_pct order by pct_increase asc, segment limit 1) as lowest_percentage_increase;', '(select pct_increase from segment_pct order by pct_increase desc, segment limit 1) as biggest_percentage_increase', '(select segment from segment_pct order by pct_increase asc, segment limit 1) as lowest_segment', 'segment', ""segment_pct as ( select segment, sum(case when yr = '2012' then consumption else 0 end) as consumption_2012, sum(case when yr = '2013' then consumption else 0 end) as consumption_2013, (sum(case when yr = '2013' then consumption else 0 end) - sum(case when yr = '2012' then consumption else 0 end)) * 100.0 / nullif(sum(case when yr = '2013' then consumption else 0 end), 0) as pct_increase from segment_year group by segment ) select (select segment from segment_pct order by pct_increase desc, segment limit 1) as biggest_segment"", 'substr(y.date, 1, 4) )']，gold=['none']。; AGGREGATION_REASONING/sort_direction_or_order_scope_mismatch: 排序结构不同：pred=[('pct_increase', 'desc'), ('segment', 'asc')]，gold=['none']。; AGGREGATION_REASONING/limit_or_topk_mismatch: LIMIT 不同：pred=1，gold=none。",成功 observation 后若为了语义改写 SQL，先执行改写版本；记录改写的是投影、过滤、聚合还是排序。,[AUTO confidence=high] 最终 SQL 与最近执行 SQL 不同；最近 observation=successful rows; last execution differs from gold；结构改写=LIMIT。
20260714T023630Z-7eab3a22,bird_1498,debit_card_specializing,simple,2,AGGREGATION_REASONING,aggregation_or_grouping_mismatch,,,AGGREGATION_REASONING,aggregation_or_grouping_mismatch,,生成 SQL 前明确统计对象、分组键和聚合粒度；检查 GROUP BY 的实际字段，而不只是是否出现该关键字。,"[AUTO confidence=medium] GROUP BY 字段不同：pred=['none']，gold=['substr(date, 5, 2)']。 其他同时检测到但未作为主标签的结构差异（供人工复核）：AGGREGATION_REASONING/aggregation_or_grouping_mismatch: 预测与 gold 的聚合关键字不同：sum(, max(。; AGGREGATION_REASONING/sort_direction_or_order_scope_mismatch: 排序结构不同：pred=['none']，gold=[('sum(consumption)', 'desc')]。; AGGREGATION_REASONING/limit_or_topk_mismatch: LIMIT 不同：pred=none，gold=1。",生成 SQL 前明确统计对象、分组键和聚合粒度；检查 GROUP BY 的实际字段，而不只是是否出现该关键字。,"[AUTO confidence=medium] GROUP BY 字段不同：pred=['none']，gold=['substr(date, 5, 2)']。 其他同时检测到但未作为主标签的结构差异（供人工复核）：AGGREGATION_REASONING/aggregation_or_grouping_mismatch: 预测与 gold 的聚合关键字不同：sum(, max(。; AGGREGATION_REASONING/sort_direction_or_order_scope_mismatch: 排序结构不同：pred=['none']，gold=[('sum(consumption)', 'desc')]。; AGGREGATION_REASONING/limit_or_topk_mismatch: LIMIT 不同：pred=none，gold=1。"
20260714T023630Z-7eab3a22,bird_1500,debit_card_specializing,simple,5,UNVERIFIED_FINAL,final_sql_rewritten_after_incorrect_observation,UNVERIFIED_FINAL,final_sql_rewritten_after_incorrect_observation,SCHEMA_LINKING,table_or_join_path_mismatch,"tables, WHERE, ORDER BY, aggregate",生成 SQL 前记录表、字段来源和 JOIN 路径，并通过 Schema 校验。,"[AUTO confidence=medium] 表集合不同：pred=['products', 'transactions_1k']，gold=['products', 'transactions_1k', 'yearmonth']；需复核 gold。 其他同时检测到但未作为主标签的结构差异（供人工复核）：AGGREGATION_REASONING/sort_direction_or_order_scope_mismatch: 排序结构不同：pred=[('description;', 'asc')]，gold=['none']。",成功 observation 后若为了语义改写 SQL，先执行改写版本；记录改写的是投影、过滤、聚合还是排序。,"[AUTO confidence=high] 最终 SQL 与最近执行 SQL 不同；最近 observation=successful rows; last execution differs from gold；结构改写=tables, WHERE, ORDER BY, aggregate。"
20260714T023630Z-7eab3a22,bird_1505,debit_card_specializing,simple,2,UNVERIFIED_FINAL,final_sql_rewritten_after_incorrect_observation,UNVERIFIED_FINAL,final_sql_rewritten_after_incorrect_observation,SCHEMA_LINKING,join_key_or_condition_mismatch,expression_or_projection_only,核对 JOIN ON 条件使用的外键列是否与 gold 一致，避免选对表但连错关系。,[AUTO confidence=medium] 表集合相同，但 JOIN 条件涉及的列不同：pred=[]，gold=['customerid']。,成功 observation 后若为了语义改写 SQL，先执行改写版本；记录改写的是投影、过滤、聚合还是排序。,[AUTO confidence=high] 最终 SQL 与最近执行 SQL 不同；最近 observation=successful rows; last execution differs from gold；结构改写=expression_or_projection_only。
20260714T023630Z-7eab3a22,bird_1524,debit_card_specializing,simple,3,UNVERIFIED_FINAL,final_sql_rewritten_after_incorrect_observation,UNVERIFIED_FINAL,final_sql_rewritten_after_incorrect_observation,SCHEMA_LINKING,table_or_join_path_mismatch,"tables, GROUP BY, HAVING, aggregate",生成 SQL 前记录表、字段来源和 JOIN 路径，并通过 Schema 校验。,"[AUTO confidence=medium] 表集合不同：pred=['customers', 'spent', 'transactions_1k']，gold=['gasstations', 'transactions_1k']；需复核 gold。 其他同时检测到但未作为主标签的结构差异（供人工复核）：AGGREGATION_REASONING/aggregation_or_grouping_mismatch: GROUP BY 字段不同：pred=['customerid']，gold=['none']。; AGGREGATION_REASONING/aggregation_or_grouping_mismatch: 预测与 gold 的聚合关键字不同：having, sum(。",成功 observation 后若为了语义改写 SQL，先执行改写版本；记录改写的是投影、过滤、聚合还是排序。,"[AUTO confidence=high] 最终 SQL 与最近执行 SQL 不同；最近 observation=successful rows; last execution differs from gold；结构改写=tables, GROUP BY, HAVING, aggregate。"
20260714T023630Z-7eab3a22,bird_1526,debit_card_specializing,challenging,4,UNVERIFIED_FINAL,final_sql_rewritten_after_incorrect_observation,UNVERIFIED_FINAL,final_sql_rewritten_after_incorrect_observation,SCHEMA_LINKING,table_or_join_path_mismatch,"tables, LIMIT, aggregate",生成 SQL 前记录表、字段来源和 JOIN 路径，并通过 Schema 校验。,"[AUTO confidence=medium] 表集合不同：pred=['target_customer', 'transactions_1k', 'yearly', 'yearmonth']，gold=['gasstations', 'transactions_1k', 'yearmonth']；需复核 gold。 其他同时检测到但未作为主标签的结构差异（供人工复核）：AGGREGATION_REASONING/limit_or_topk_mismatch: LIMIT 不同：pred=1，gold=none。",成功 observation 后若为了语义改写 SQL，先执行改写版本；记录改写的是投影、过滤、聚合还是排序。,"[AUTO confidence=high] 最终 SQL 与最近执行 SQL 不同；最近 observation=successful rows; last execution differs from gold；结构改写=tables, LIMIT, aggregate。"
20260714T023630Z-7eab3a22,bird_1529,debit_card_specializing,moderate,2,UNVERIFIED_FINAL,final_sql_rewritten_after_incorrect_observation,UNVERIFIED_FINAL,final_sql_rewritten_after_incorrect_observation,SCHEMA_LINKING,table_or_join_path_mismatch,expression_or_projection_only,生成 SQL 前记录表、字段来源和 JOIN 路径，并通过 Schema 校验。,"[AUTO confidence=medium] 表集合不同：pred=['yearmonth']，gold=['gasstations', 'transactions_1k', 'yearmonth']；需复核 gold。",成功 observation 后若为了语义改写 SQL，先执行改写版本；记录改写的是投影、过滤、聚合还是排序。,[AUTO confidence=high] 最终 SQL 与最近执行 SQL 不同；最近 observation=successful rows; last execution differs from gold；结构改写=expression_or_projection_only。
20260714T023630Z-7eab3a22,bird_1531,debit_card_specializing,moderate,2,UNVERIFIED_FINAL,final_sql_rewritten_after_incorrect_observation,UNVERIFIED_FINAL,final_sql_rewritten_after_incorrect_observation,SCHEMA_LINKING,table_or_join_path_mismatch,tables,生成 SQL 前记录表、字段来源和 JOIN 路径，并通过 Schema 校验。,"[AUTO confidence=medium] 表集合不同：pred=['customer_totals', 'customers', 'transactions_1k']，gold=['customers', 'transactions_1k', 'yearmonth']；需复核 gold。 其他同时检测到但未作为主标签的结构差异（供人工复核）：AGGREGATION_REASONING/aggregation_or_grouping_mismatch: GROUP BY 字段不同：pred=['currency from customer_totals as ct join customers as c on c.customerid = ct.customerid', 'customerid) select ct.customerid', 'total_spent / ct.total_amount as average_price_per_single_item']，gold=['currency', 'customerid']。; AGGREGATION_REASONING/sort_direction_or_order_scope_mismatch: 排序结构不同：pred=[('total_spent', 'desc'), ('customerid', 'asc')]，gold=[('consumption', 'desc')]。",成功 observation 后若为了语义改写 SQL，先执行改写版本；记录改写的是投影、过滤、聚合还是排序。,[AUTO confidence=high] 最终 SQL 与最近执行 SQL 不同；最近 observation=successful rows; last execution differs from gold；结构改写=tables。
20260714T023630Z-7eab3a22,bird_17,california_schools,simple,3,UNVERIFIED_FINAL,final_sql_rewritten_after_incorrect_observation,UNVERIFIED_FINAL,final_sql_rewritten_after_incorrect_observation,OUTPUT_CONTRACT,output_column_count_mismatch,HAVING,生成输出契约并检查列数、顺序和每列含义。,"[AUTO confidence=medium] 预测列数=2，gold 列数=3；需复核 gold 合理性。 其他同时检测到但未作为主标签的结构差异（供人工复核）：SCHEMA_LINKING/table_or_join_path_mismatch: 表集合不同：pred=['satscores', 'school_avg', 'schools']，gold=['satscores', 'schools']；需复核 gold。; AGGREGATION_REASONING/aggregation_or_grouping_mismatch: GROUP BY 字段不同：pred=['cdscode', 'charternum', 'school']，gold=['none']。; AGGREGATION_REASONING/aggregation_or_grouping_mismatch: 预测与 gold 的聚合关键字不同：having, avg(, rank(。; AGGREGATION_REASONING/sort_direction_or_order_scope_mismatch: 排序结构不同：pred=[('avg_write', 'desc'), ('school', 'asc')]，gold=[('avgscrwrite ) as writingscorerank from schools as t1 inner join satscores as t2 on t1.cdscode = t2.cds where t2.avgscrwrite > 499 and charternum is not null', 'desc')]。",成功 observation 后若为了语义改写 SQL，先执行改写版本；记录改写的是投影、过滤、聚合还是排序。,[AUTO confidence=high] 最终 SQL 与最近执行 SQL 不同；最近 observation=successful rows; last execution differs from gold；结构改写=HAVING。
20260714T023630Z-7eab3a22,bird_173,financial,challenging,3,UNVERIFIED_FINAL,final_sql_rewritten_after_incorrect_observation,UNVERIFIED_FINAL,final_sql_rewritten_after_incorrect_observation,SCHEMA_LINKING,table_or_join_path_mismatch,"tables, GROUP BY, HAVING, LIMIT, aggregate",生成 SQL 前记录表、字段来源和 JOIN 路径，并通过 Schema 校验。,"[AUTO confidence=medium] 表集合不同：pred=['account', 'trans']，gold=['account', 'order']；需复核 gold。 其他同时检测到但未作为主标签的结构差异（供人工复核）：AGGREGATION_REASONING/aggregation_or_grouping_mismatch: GROUP BY 字段不同：pred=['k_symbol']，gold=['account_id', 'k_symbol) as t2 on t1.account_id = t2.account_id where t1.account_id = 3 and t2.total_amount = 3539']。; AGGREGATION_REASONING/aggregation_or_grouping_mismatch: 预测与 gold 的聚合关键字不同：having。; AGGREGATION_REASONING/limit_or_topk_mismatch: LIMIT 不同：pred=1，gold=none。",成功 observation 后若为了语义改写 SQL，先执行改写版本；记录改写的是投影、过滤、聚合还是排序。,"[AUTO confidence=high] 最终 SQL 与最近执行 SQL 不同；最近 observation=successful rows; last execution differs from gold；结构改写=tables, GROUP BY, HAVING, LIMIT, aggregate。"
20260714T023630Z-7eab3a22,bird_186,financial,moderate,2,UNVERIFIED_FINAL,final_sql_rewritten_after_incorrect_observation,UNVERIFIED_FINAL,final_sql_rewritten_after_incorrect_observation,SCHEMA_LINKING,table_or_join_path_mismatch,expression_or_projection_only,生成 SQL 前记录表、字段来源和 JOIN 路径，并通过 Schema 校验。,"[AUTO confidence=medium] 表集合不同：pred=['account', 'client', 'disp']，gold=['account', 'client', 'disp', 'district']；需复核 gold。 其他同时检测到但未作为主标签的结构差异（供人工复核）：AGGREGATION_REASONING/aggregation_or_grouping_mismatch: 预测与 gold 的聚合关键字不同：sum(。",成功 observation 后若为了语义改写 SQL，先执行改写版本；记录改写的是投影、过滤、聚合还是排序。,[AUTO confidence=high] 最终 SQL 与最近执行 SQL 不同；最近 observation=successful rows; last execution differs from gold；结构改写=expression_or_projection_only。
20260714T023630Z-7eab3a22,bird_189,financial,moderate,3,UNVERIFIED_FINAL,final_sql_rewritten_after_incorrect_observation,UNVERIFIED_FINAL,final_sql_rewritten_after_incorrect_observation,AGGREGATION_REASONING,aggregation_or_grouping_mismatch,"tables, ORDER BY",生成 SQL 前明确统计对象、分组键、聚合函数和聚合后的排序字段。,"[AUTO confidence=medium] 预测与 gold 的聚合关键字不同：min(。 其他同时检测到但未作为主标签的结构差异（供人工复核）：AGGREGATION_REASONING/sort_direction_or_order_scope_mismatch: 排序结构不同：pred=[('account_id;', 'asc')]，gold=[('birth_date', 'asc'), ('a11', 'asc')]。; AGGREGATION_REASONING/limit_or_topk_mismatch: LIMIT 不同：pred=none，gold=1。",成功 observation 后若为了语义改写 SQL，先执行改写版本；记录改写的是投影、过滤、聚合还是排序。,"[AUTO confidence=high] 最终 SQL 与最近执行 SQL 不同；最近 observation=successful rows; last execution differs from gold；结构改写=tables, ORDER BY。"
20260714T023630Z-7eab3a22,bird_197,toxicology,moderate,2,UNVERIFIED_FINAL,final_sql_rewritten_after_incorrect_observation,UNVERIFIED_FINAL,final_sql_rewritten_after_incorrect_observation,SCHEMA_LINKING,join_key_or_condition_mismatch,"tables, WHERE",核对 JOIN ON 条件使用的外键列是否与 gold 一致，避免选对表但连错关系。,[AUTO confidence=medium] 表集合相同，但 JOIN 条件涉及的列不同：pred=[]，gold=['molecule_id']。 其他同时检测到但未作为主标签的结构差异（供人工复核）：AGGREGATION_REASONING/aggregation_or_grouping_mismatch: GROUP BY 字段不同：pred=['none']，gold=['molecule_id) as oxygen_counts']。; AGGREGATION_REASONING/aggregation_or_grouping_mismatch: 预测与 gold 的聚合关键字不同：count(。,成功 observation 后若为了语义改写 SQL，先执行改写版本；记录改写的是投影、过滤、聚合还是排序。,"[AUTO confidence=high] 最终 SQL 与最近执行 SQL 不同；最近 observation=successful rows; last execution differs from gold；结构改写=tables, WHERE。"
20260714T023630Z-7eab3a22,bird_198,toxicology,challenging,3,UNVERIFIED_FINAL,final_sql_rewritten_after_incorrect_observation,UNVERIFIED_FINAL,final_sql_rewritten_after_incorrect_observation,AGGREGATION_REASONING,aggregation_or_grouping_mismatch,expression_or_projection_only,生成 SQL 前明确统计对象、分组键和聚合粒度；检查 GROUP BY 的实际字段，而不只是是否出现该关键字。,"[AUTO confidence=medium] GROUP BY 字段不同：pred=['none']，gold=['molecule_id) as subquery']。 其他同时检测到但未作为主标签的结构差异（供人工复核）：AGGREGATION_REASONING/aggregation_or_grouping_mismatch: 预测与 gold 的聚合关键字不同：sum(, avg(。",成功 observation 后若为了语义改写 SQL，先执行改写版本；记录改写的是投影、过滤、聚合还是排序。,[AUTO confidence=high] 最终 SQL 与最近执行 SQL 不同；最近 observation=successful rows; last execution differs from gold；结构改写=expression_or_projection_only。
20260714T023630Z-7eab3a22,bird_207,toxicology,challenging,3,UNVERIFIED_FINAL,final_sql_rewritten_after_incorrect_observation,UNVERIFIED_FINAL,final_sql_rewritten_after_incorrect_observation,SCHEMA_LINKING,join_key_or_condition_mismatch,expression_or_projection_only,核对 JOIN ON 条件使用的外键列是否与 gold 一致，避免选对表但连错关系。,"[AUTO confidence=medium] 表集合相同，但 JOIN 条件涉及的列不同：pred=['bond_id']，gold=['atom_id', 'molecule_id']。 其他同时检测到但未作为主标签的结构差异（供人工复核）：AGGREGATION_REASONING/sort_direction_or_order_scope_mismatch: 排序结构不同：pred=[('element;', 'asc')]，gold=['none']。",成功 observation 后若为了语义改写 SQL，先执行改写版本；记录改写的是投影、过滤、聚合还是排序。,[AUTO confidence=high] 最终 SQL 与最近执行 SQL 不同；最近 observation=successful rows; last execution differs from gold；结构改写=expression_or_projection_only。
20260714T023630Z-7eab3a22,bird_215,toxicology,challenging,2,UNVERIFIED_FINAL,final_without_db_execution,UNVERIFIED_FINAL,final_without_db_execution,OUTPUT_CONTRACT,output_column_count_mismatch,no_prior_execution,生成输出契约并检查列数、顺序和每列含义。,"[AUTO confidence=medium] 预测列数=1，gold 列数=2；需复核 gold 合理性。 其他同时检测到但未作为主标签的结构差异（供人工复核）：SCHEMA_LINKING/table_or_join_path_mismatch: 表集合不同：pred=['atom', 'bond']，gold=['atom', 'bond', 'connected']；需复核 gold。",在首次 FINAL 前先执行将要提交的 SQL，并把执行状态写入 trace。,[AUTO confidence=high] 最终 SQL 前没有 db.execute 记录。
20260714T023630Z-7eab3a22,bird_218,toxicology,challenging,2,UNVERIFIED_FINAL,final_sql_changed_after_unparseable_observation,UNVERIFIED_FINAL,final_sql_changed_after_unparseable_observation,SCHEMA_LINKING,join_key_or_condition_mismatch,"tables, WHERE, aggregate",核对 JOIN ON 条件使用的外键列是否与 gold 一致，避免选对表但连错关系。,[AUTO confidence=medium] 表集合相同，但 JOIN 条件涉及的列不同：pred=[]，gold=['molecule_id']。,统一工具 observation 格式；无法判断执行状态时不要基于改写 SQL 直接 FINAL。,"[AUTO confidence=high] 最终 SQL 与最近执行 SQL 不同；最近 observation=unparseable observation；结构改写=tables, WHERE, aggregate。"
20260714T023630Z-7eab3a22,bird_219,toxicology,challenging,2,UNVERIFIED_FINAL,final_sql_rewritten_after_incorrect_observation,UNVERIFIED_FINAL,final_sql_rewritten_after_incorrect_observation,SCHEMA_LINKING,table_or_join_path_mismatch,expression_or_projection_only,生成 SQL 前记录表、字段来源和 JOIN 路径，并通过 Schema 校验。,"[AUTO confidence=medium] 表集合不同：pred=['bond', 'molecule']，gold=['atom', 'bond', 'molecule']；需复核 gold。 其他同时检测到但未作为主标签的结构差异（供人工复核）：AGGREGATION_REASONING/aggregation_or_grouping_mismatch: 预测与 gold 的聚合关键字不同：sum(。",成功 observation 后若为了语义改写 SQL，先执行改写版本；记录改写的是投影、过滤、聚合还是排序。,[AUTO confidence=high] 最终 SQL 与最近执行 SQL 不同；最近 observation=successful rows; last execution differs from gold；结构改写=expression_or_projection_only。
20260714T023630Z-7eab3a22,bird_231,toxicology,challenging,3,UNVERIFIED_FINAL,final_sql_rewritten_after_incorrect_observation,UNVERIFIED_FINAL,final_sql_rewritten_after_incorrect_observation,OUTPUT_CONTRACT,yes_no_vs_row_output_mismatch,expression_or_projection_only,在 FINAL 前检查应返回单个 YES/NO 还是逐行原始字段。,"[AUTO confidence=medium] 预测与 gold 的 YES/NO 输出形式不同；可能包含 gold/Hint 冲突。 其他同时检测到但未作为主标签的结构差异（供人工复核）：OUTPUT_CONTRACT/output_column_count_mismatch: 预测列数=2，gold 列数=1；需复核 gold 合理性。; SCHEMA_LINKING/table_or_join_path_mismatch: 表集合不同：pred=['bond', 'molecule']，gold=['bond']；需复核 gold。; AGGREGATION_REASONING/aggregation_or_grouping_mismatch: GROUP BY 字段不同：pred=['bond_type', 'label']，gold=['bond_type']。; AGGREGATION_REASONING/sort_direction_or_order_scope_mismatch: 排序结构不同：pred=[('count(b.bond_type)', 'desc'), ('bond_type', 'asc')]，gold=[('count(t1.molecule_id)', 'desc')]。",成功 observation 后若为了语义改写 SQL，先执行改写版本；记录改写的是投影、过滤、聚合还是排序。,[AUTO confidence=high] 最终 SQL 与最近执行 SQL 不同；最近 observation=successful rows; last execution differs from gold；结构改写=expression_or_projection_only。
20260714T023630Z-7eab3a22,bird_234,toxicology,moderate,1,SCHEMA_LINKING,table_or_join_path_mismatch,,,SCHEMA_LINKING,table_or_join_path_mismatch,,生成 SQL 前记录表、字段来源和 JOIN 路径，并通过 Schema 校验。,"[AUTO confidence=medium] 表集合不同：pred=['connected']，gold=['bond', 'connected']；需复核 gold。",生成 SQL 前记录表、字段来源和 JOIN 路径，并通过 Schema 校验。,"[AUTO confidence=medium] 表集合不同：pred=['connected']，gold=['bond', 'connected']；需复核 gold。"
20260714T023630Z-7eab3a22,bird_24,california_schools,moderate,4,UNVERIFIED_FINAL,final_sql_rewritten_after_incorrect_observation,UNVERIFIED_FINAL,final_sql_rewritten_after_incorrect_observation,SCHEMA_LINKING,table_or_join_path_mismatch,expression_or_projection_only,生成 SQL 前记录表、字段来源和 JOIN 路径，并通过 Schema 校验。,"[AUTO confidence=medium] 表集合不同：pred=['frpm', 'satscores', 'schools']，gold=['frpm', 'satscores']；需复核 gold。 其他同时检测到但未作为主标签的结构差异（供人工复核）：AGGREGATION_REASONING/sort_direction_or_order_scope_mismatch: 排序结构不同：pred=[('""school"";', 'asc')]，gold=['none']。",成功 observation 后若为了语义改写 SQL，先执行改写版本；记录改写的是投影、过滤、聚合还是排序。,[AUTO confidence=high] 最终 SQL 与最近执行 SQL 不同；最近 observation=successful rows; last execution differs from gold；结构改写=expression_or_projection_only。
20260714T023630Z-7eab3a22,bird_247,toxicology,challenging,1,SCHEMA_LINKING,join_key_or_condition_mismatch,,,SCHEMA_LINKING,join_key_or_condition_mismatch,,核对 JOIN ON 条件使用的外键列是否与 gold 一致，避免选对表但连错关系。,"[AUTO confidence=medium] 表集合相同，但 JOIN 条件涉及的列不同：pred=[]，gold=['atom_id']。 其他同时检测到但未作为主标签的结构差异（供人工复核）：AGGREGATION_REASONING/sort_direction_or_order_scope_mismatch: 排序结构不同：pred=[('element;', 'asc')]，gold=['none']。",核对 JOIN ON 条件使用的外键列是否与 gold 一致，避免选对表但连错关系。,"[AUTO confidence=medium] 表集合相同，但 JOIN 条件涉及的列不同：pred=[]，gold=['atom_id']。 其他同时检测到但未作为主标签的结构差异（供人工复核）：AGGREGATION_REASONING/sort_direction_or_order_scope_mismatch: 排序结构不同：pred=[('element;', 'asc')]，gold=['none']。"
20260714T023630Z-7eab3a22,bird_25,california_schools,moderate,2,UNVERIFIED_FINAL,final_sql_rewritten_after_incorrect_observation,UNVERIFIED_FINAL,final_sql_rewritten_after_incorrect_observation,SCHEMA_LINKING,table_or_join_path_mismatch,GROUP BY,生成 SQL 前记录表、字段来源和 JOIN 路径，并通过 Schema 校验。,"[AUTO confidence=medium] 表集合不同：pred=['satscores', 'schools']，gold=['frpm', 'satscores']；需复核 gold。 其他同时检测到但未作为主标签的结构差异（供人工复核）：AGGREGATION_REASONING/aggregation_or_grouping_mismatch: GROUP BY 字段不同：pred=['cdscode', 'fundingtype) t where avg_math > 400;', 'school']，gold=['`charter funding type`', 'sname']。; AGGREGATION_REASONING/aggregation_or_grouping_mismatch: 预测与 gold 的聚合关键字不同：having。",成功 observation 后若为了语义改写 SQL，先执行改写版本；记录改写的是投影、过滤、聚合还是排序。,[AUTO confidence=high] 最终 SQL 与最近执行 SQL 不同；最近 observation=successful rows; last execution differs from gold；结构改写=GROUP BY。
20260714T023630Z-7eab3a22,bird_260,toxicology,moderate,4,UNVERIFIED_FINAL,final_sql_rewritten_after_incorrect_observation,UNVERIFIED_FINAL,final_sql_rewritten_after_incorrect_observation,SCHEMA_LINKING,table_or_join_path_mismatch,expression_or_projection_only,生成 SQL 前记录表、字段来源和 JOIN 路径，并通过 Schema 校验。,"[AUTO confidence=medium] 表集合不同：pred=['atom', 'bond']，gold=['atom', 'bond', 'molecule']；需复核 gold。",成功 observation 后若为了语义改写 SQL，先执行改写版本；记录改写的是投影、过滤、聚合还是排序。,[AUTO confidence=high] 最终 SQL 与最近执行 SQL 不同；最近 observation=successful rows; last execution differs from gold；结构改写=expression_or_projection_only。
20260714T023630Z-7eab3a22,bird_27,california_schools,moderate,2,UNVERIFIED_FINAL,final_sql_rewritten_after_incorrect_observation,UNVERIFIED_FINAL,final_sql_rewritten_after_incorrect_observation,AGGREGATION_REASONING,sort_direction_or_order_scope_mismatch,expression_or_projection_only,显式记录排序字段、方向，以及排序发生在聚合前还是聚合后；不能只检查是否出现 ASC/DESC。,"[AUTO confidence=medium] 排序结构不同：pred=[('school;', 'asc')]，gold=['none']。",成功 observation 后若为了语义改写 SQL，先执行改写版本；记录改写的是投影、过滤、聚合还是排序。,[AUTO confidence=high] 最终 SQL 与最近执行 SQL 不同；最近 observation=successful rows; last execution differs from gold；结构改写=expression_or_projection_only。
20260714T023630Z-7eab3a22,bird_28,california_schools,challenging,2,UNVERIFIED_FINAL,final_sql_rewritten_after_incorrect_observation,UNVERIFIED_FINAL,final_sql_rewritten_after_incorrect_observation,SCHEMA_LINKING,table_or_join_path_mismatch,"tables, WHERE, ORDER BY",生成 SQL 前记录表、字段来源和 JOIN 路径，并通过 Schema 校验。,"[AUTO confidence=medium] 表集合不同：pred=['avg_diff', 'frpm', 'local_schools', 'schools']，gold=['frpm', 'schools']；需复核 gold。 其他同时检测到但未作为主标签的结构差异（供人工复核）：AGGREGATION_REASONING/sort_direction_or_order_scope_mismatch: 排序结构不同：pred=[('[school name]', 'asc'), ('[doc type];', 'asc')]，gold=['none']。",成功 observation 后若为了语义改写 SQL，先执行改写版本；记录改写的是投影、过滤、聚合还是排序。,"[AUTO confidence=high] 最终 SQL 与最近执行 SQL 不同；最近 observation=successful rows; last execution differs from gold；结构改写=tables, WHERE, ORDER BY。"
20260714T023630Z-7eab3a22,bird_281,toxicology,challenging,2,UNVERIFIED_FINAL,final_sql_changed_after_unparseable_observation,UNVERIFIED_FINAL,final_sql_changed_after_unparseable_observation,OUTPUT_CONTRACT,output_column_count_mismatch,ORDER BY,生成输出契约并检查列数、顺序和每列含义。,"[AUTO confidence=medium] 预测列数=2，gold 列数=1；需复核 gold 合理性。 其他同时检测到但未作为主标签的结构差异（供人工复核）：AGGREGATION_REASONING/aggregation_or_grouping_mismatch: GROUP BY 字段不同：pred=['element']，gold=['none']。; AGGREGATION_REASONING/aggregation_or_grouping_mismatch: 预测与 gold 的聚合关键字不同：count(。; AGGREGATION_REASONING/sort_direction_or_order_scope_mismatch: 排序结构不同：pred=[('element', 'asc')]，gold=['none']。",统一工具 observation 格式；无法判断执行状态时不要基于改写 SQL 直接 FINAL。,[AUTO confidence=high] 最终 SQL 与最近执行 SQL 不同；最近 observation=unparseable observation；结构改写=ORDER BY。
20260714T023630Z-7eab3a22,bird_340,card_games,simple,2,UNVERIFIED_FINAL,final_sql_rewritten_after_incorrect_observation,UNVERIFIED_FINAL,final_sql_rewritten_after_incorrect_observation,AGGREGATION_REASONING,sort_direction_or_order_scope_mismatch,LIMIT,显式记录排序字段、方向，以及排序发生在聚合前还是聚合后；不能只检查是否出现 ASC/DESC。,"[AUTO confidence=medium] 排序结构不同：pred=[('name;', 'asc')]，gold=['none']。",成功 observation 后若为了语义改写 SQL，先执行改写版本；记录改写的是投影、过滤、聚合还是排序。,[AUTO confidence=high] 最终 SQL 与最近执行 SQL 不同；最近 observation=successful rows; last execution differs from gold；结构改写=LIMIT。
20260714T023630Z-7eab3a22,bird_341,card_games,simple,2,AGGREGATION_REASONING,sort_direction_or_order_scope_mismatch,,,AGGREGATION_REASONING,sort_direction_or_order_scope_mismatch,,显式记录排序字段、方向，以及排序发生在聚合前还是聚合后；不能只检查是否出现 ASC/DESC。,"[AUTO confidence=medium] 排序结构不同：pred=[('name;', 'asc')]，gold=['none']。",显式记录排序字段、方向，以及排序发生在聚合前还是聚合后；不能只检查是否出现 ASC/DESC。,"[AUTO confidence=medium] 排序结构不同：pred=[('name;', 'asc')]，gold=['none']。"
20260714T023630Z-7eab3a22,bird_344,card_games,moderate,5,UNVERIFIED_FINAL,final_sql_rewritten_after_incorrect_observation,UNVERIFIED_FINAL,final_sql_rewritten_after_incorrect_observation,AGGREGATION_REASONING,sort_direction_or_order_scope_mismatch,expression_or_projection_only,显式记录排序字段、方向，以及排序发生在聚合前还是聚合后；不能只检查是否出现 ASC/DESC。,"[AUTO confidence=medium] 排序结构不同：pred=[('name', 'asc')]，gold=['none']。",成功 observation 后若为了语义改写 SQL，先执行改写版本；记录改写的是投影、过滤、聚合还是排序。,[AUTO confidence=high] 最终 SQL 与最近执行 SQL 不同；最近 observation=successful rows; last execution differs from gold；结构改写=expression_or_projection_only。
20260714T023630Z-7eab3a22,bird_349,card_games,moderate,4,UNVERIFIED_FINAL,final_sql_rewritten_after_incorrect_observation,UNVERIFIED_FINAL,final_sql_rewritten_after_incorrect_observation,SCHEMA_LINKING,table_or_join_path_mismatch,WHERE,生成 SQL 前记录表、字段来源和 JOIN 路径，并通过 Schema 校验。,"[AUTO confidence=medium] 表集合不同：pred=['cards', 'ruling_counts', 'rulings']，gold=['cards', 'rulings']；需复核 gold。 其他同时检测到但未作为主标签的结构差异（供人工复核）：AGGREGATION_REASONING/aggregation_or_grouping_mismatch: GROUP BY 字段不同：pred=['artist', 'ispromo from ruling_counts where ruling_count = (select max(ruling_count) from ruling_counts)', 'ispromo) select name', 'name', 'uuid']，gold=['artist']。; AGGREGATION_REASONING/aggregation_or_grouping_mismatch: 预测与 gold 的聚合关键字不同：having。; AGGREGATION_REASONING/sort_direction_or_order_scope_mismatch: 排序结构不同：pred=[('name', 'asc'), ('artist', 'asc')]，gold=['none']。",成功 observation 后若为了语义改写 SQL，先执行改写版本；记录改写的是投影、过滤、聚合还是排序。,[AUTO confidence=high] 最终 SQL 与最近执行 SQL 不同；最近 observation=successful rows; last execution differs from gold；结构改写=WHERE。
20260714T023630Z-7eab3a22,bird_352,card_games,moderate,3,UNVERIFIED_FINAL,final_sql_rewritten_after_incorrect_observation,UNVERIFIED_FINAL,final_sql_rewritten_after_incorrect_observation,SCHEMA_LINKING,join_key_or_condition_mismatch,WHERE,核对 JOIN ON 条件使用的外键列是否与 gold 一致，避免选对表但连错关系。,[AUTO confidence=medium] 表集合相同，但 JOIN 条件涉及的列不同：pred=[]，gold=['uuid']。,成功 observation 后若为了语义改写 SQL，先执行改写版本；记录改写的是投影、过滤、聚合还是排序。,[AUTO confidence=high] 最终 SQL 与最近执行 SQL 不同；最近 observation=successful rows; last execution differs from gold；结构改写=WHERE。
20260714T023630Z-7eab3a22,bird_37,california_schools,moderate,1,UNVERIFIED_FINAL,final_without_db_execution,UNVERIFIED_FINAL,final_without_db_execution,SCHEMA_LINKING,table_or_join_path_mismatch,no_prior_execution,生成 SQL 前记录表、字段来源和 JOIN 路径，并通过 Schema 校验。,"[AUTO confidence=medium] 表集合不同：pred=['rates', 'satscores', 'schools']，gold=['satscores', 'schools']；需复核 gold。 其他同时检测到但未作为主标签的结构差异（供人工复核）：AGGREGATION_REASONING/sort_direction_or_order_scope_mismatch: 排序结构不同：pred=[('excellence_rate', 'asc'), ('cdscode', 'asc')]，gold=[('cast(t1.numge1500 as real) / t1.numtsttakr', 'asc')]。",在首次 FINAL 前先执行将要提交的 SQL，并把执行状态写入 trace。,[AUTO confidence=high] 最终 SQL 前没有 db.execute 记录。
20260714T023630Z-7eab3a22,bird_371,card_games,challenging,2,UNVERIFIED_FINAL,final_sql_rewritten_after_incorrect_observation,UNVERIFIED_FINAL,final_sql_rewritten_after_incorrect_observation,SCHEMA_LINKING,join_key_or_condition_mismatch,expression_or_projection_only,核对 JOIN ON 条件使用的外键列是否与 gold 一致，避免选对表但连错关系。,[AUTO confidence=medium] 表集合相同，但 JOIN 条件涉及的列不同：pred=[]，gold=['uuid']。,成功 observation 后若为了语义改写 SQL，先执行改写版本；记录改写的是投影、过滤、聚合还是排序。,[AUTO confidence=high] 最终 SQL 与最近执行 SQL 不同；最近 observation=successful rows; last execution differs from gold；结构改写=expression_or_projection_only。
20260714T023630Z-7eab3a22,bird_402,card_games,moderate,3,UNVERIFIED_FINAL,final_sql_rewritten_after_incorrect_observation,UNVERIFIED_FINAL,final_sql_rewritten_after_incorrect_observation,OUTPUT_CONTRACT,output_column_count_mismatch,"tables, WHERE, ORDER BY",生成输出契约并检查列数、顺序和每列含义。,"[AUTO confidence=medium] 预测列数=2，gold 列数=1；需复核 gold 合理性。 其他同时检测到但未作为主标签的结构差异（供人工复核）：SCHEMA_LINKING/table_or_join_path_mismatch: 表集合不同：pred=['cards', 'pct']，gold=['cards']；需复核 gold。; AGGREGATION_REASONING/aggregation_or_grouping_mismatch: 预测与 gold 的聚合关键字不同：sum(。; AGGREGATION_REASONING/sort_direction_or_order_scope_mismatch: 排序结构不同：pred=[('id', 'asc')]，gold=['none']。",成功 observation 后若为了语义改写 SQL，先执行改写版本；记录改写的是投影、过滤、聚合还是排序。,"[AUTO confidence=high] 最终 SQL 与最近执行 SQL 不同；最近 observation=successful rows; last execution differs from gold；结构改写=tables, WHERE, ORDER BY。"
20260714T023630Z-7eab3a22,bird_408,card_games,moderate,1,SCHEMA_LINKING,table_or_join_path_mismatch,,,SCHEMA_LINKING,table_or_join_path_mismatch,,生成 SQL 前记录表、字段来源和 JOIN 路径，并通过 Schema 校验。,"[AUTO confidence=medium] 表集合不同：pred=['cards']，gold=['cards', 'rulings']；需复核 gold。",生成 SQL 前记录表、字段来源和 JOIN 路径，并通过 Schema 校验。,"[AUTO confidence=medium] 表集合不同：pred=['cards']，gold=['cards', 'rulings']；需复核 gold。"
20260714T023630Z-7eab3a22,bird_465,card_games,moderate,1,SCHEMA_LINKING,table_or_join_path_mismatch,,,SCHEMA_LINKING,table_or_join_path_mismatch,,生成 SQL 前记录表、字段来源和 JOIN 路径，并通过 Schema 校验。,"[AUTO confidence=medium] 表集合不同：pred=['cards', 'foreign_data']，gold=['cards', 'set_translations']；需复核 gold。 其他同时检测到但未作为主标签的结构差异（供人工复核）：AGGREGATION_REASONING/aggregation_or_grouping_mismatch: 预测与 gold 的聚合关键字不同：sum(。",生成 SQL 前记录表、字段来源和 JOIN 路径，并通过 Schema 校验。,"[AUTO confidence=medium] 表集合不同：pred=['cards', 'foreign_data']，gold=['cards', 'set_translations']；需复核 gold。 其他同时检测到但未作为主标签的结构差异（供人工复核）：AGGREGATION_REASONING/aggregation_or_grouping_mismatch: 预测与 gold 的聚合关键字不同：sum(。"
20260714T023630Z-7eab3a22,bird_469,card_games,moderate,3,UNVERIFIED_FINAL,final_sql_rewritten_after_incorrect_observation,UNVERIFIED_FINAL,final_sql_rewritten_after_incorrect_observation,SEMANTIC_REVIEW_REQUIRED,filter_scope_or_expression_mismatch,expression_or_projection_only,记录过滤字段、取值、时间范围和作用层级后再生成 SQL。,[AUTO confidence=low] 最终 SQL 已执行成功，但结果与 gold 不同；列数/表集合/JOIN key/GROUP BY/聚合关键字/排序/LIMIT 均未发现结构差异，需复核过滤范围或 gold 噪声。,成功 observation 后若为了语义改写 SQL，先执行改写版本；记录改写的是投影、过滤、聚合还是排序。,[AUTO confidence=high] 最终 SQL 与最近执行 SQL 不同；最近 observation=successful rows; last execution differs from gold；结构改写=expression_or_projection_only。
20260714T023630Z-7eab3a22,bird_474,card_games,moderate,1,SEMANTIC_REVIEW_REQUIRED,filter_scope_or_expression_mismatch,,,SEMANTIC_REVIEW_REQUIRED,filter_scope_or_expression_mismatch,,记录过滤字段、取值、时间范围和作用层级后再生成 SQL。,[AUTO confidence=low] 最终 SQL 已执行成功，但结果与 gold 不同；列数/表集合/JOIN key/GROUP BY/聚合关键字/排序/LIMIT 均未发现结构差异，需复核过滤范围或 gold 噪声。,记录过滤字段、取值、时间范围和作用层级后再生成 SQL。,[AUTO confidence=low] 最终 SQL 已执行成功，但结果与 gold 不同；列数/表集合/JOIN key/GROUP BY/聚合关键字/排序/LIMIT 均未发现结构差异，需复核过滤范围或 gold 噪声。
20260714T023630Z-7eab3a22,bird_480,card_games,moderate,8,UNVERIFIED_FINAL,final_sql_rewritten_after_incorrect_observation,UNVERIFIED_FINAL,final_sql_rewritten_after_incorrect_observation,AGGREGATION_REASONING,limit_or_topk_mismatch,expression_or_projection_only,确认 Top-K 的 LIMIT 数值、排序依据和并列（tie）处理是否与题目一致。,[AUTO confidence=medium] LIMIT 不同：pred=1，gold=none。,成功 observation 后若为了语义改写 SQL，先执行改写版本；记录改写的是投影、过滤、聚合还是排序。,[AUTO confidence=high] 最终 SQL 与最近执行 SQL 不同；最近 observation=successful rows; last execution differs from gold；结构改写=expression_or_projection_only。
20260714T023630Z-7eab3a22,bird_484,card_games,moderate,2,UNVERIFIED_FINAL,final_sql_rewritten_after_incorrect_observation,UNVERIFIED_FINAL,final_sql_rewritten_after_incorrect_observation,AGGREGATION_REASONING,aggregation_or_grouping_mismatch,"tables, ORDER BY, aggregate",生成 SQL 前明确统计对象、分组键、聚合函数和聚合后的排序字段。,"[AUTO confidence=medium] 预测与 gold 的聚合关键字不同：max(。 其他同时检测到但未作为主标签的结构差异（供人工复核）：AGGREGATION_REASONING/sort_direction_or_order_scope_mismatch: 排序结构不同：pred=[('name;', 'asc')]，gold=[('convertedmanacost', 'desc')]。",成功 observation 后若为了语义改写 SQL，先执行改写版本；记录改写的是投影、过滤、聚合还是排序。,"[AUTO confidence=high] 最终 SQL 与最近执行 SQL 不同；最近 observation=successful rows; last execution differs from gold；结构改写=tables, ORDER BY, aggregate。"
20260714T023630Z-7eab3a22,bird_486,card_games,moderate,3,UNVERIFIED_FINAL,final_sql_rewritten_after_incorrect_observation,UNVERIFIED_FINAL,final_sql_rewritten_after_incorrect_observation,AGGREGATION_REASONING,aggregation_or_grouping_mismatch,"tables, aggregate",生成 SQL 前明确统计对象、分组键、聚合函数和聚合后的排序字段。,[AUTO confidence=medium] 预测与 gold 的聚合关键字不同：count(。,成功 observation 后若为了语义改写 SQL，先执行改写版本；记录改写的是投影、过滤、聚合还是排序。,"[AUTO confidence=high] 最终 SQL 与最近执行 SQL 不同；最近 observation=successful rows; last execution differs from gold；结构改写=tables, aggregate。"
20260714T023630Z-7eab3a22,bird_50,california_schools,simple,4,UNVERIFIED_FINAL,final_sql_rewritten_after_incorrect_observation,UNVERIFIED_FINAL,final_sql_rewritten_after_incorrect_observation,SCHEMA_LINKING,table_or_join_path_mismatch,expression_or_projection_only,生成 SQL 前记录表、字段来源和 JOIN 路径，并通过 Schema 校验。,"[AUTO confidence=medium] 表集合不同：pred=['ranked', 'satscores', 'schools']，gold=['satscores', 'schools']；需复核 gold。 其他同时检测到但未作为主标签的结构差异（供人工复核）：AGGREGATION_REASONING/sort_direction_or_order_scope_mismatch: 排序结构不同：pred=[('avgscrmath', 'desc'), ('school', 'asc'), (""cdscode ) as rn from satscores ss join schools sc on sc.cdscode = ss.cds where ss.rtype = 's' and ss.avgscrmath is not null) select school_name"", 'asc'), ('postal_street_address from ranked where rn = 7;', 'asc')]，gold=[('avgscrmath', 'desc')]。; AGGREGATION_REASONING/limit_or_topk_mismatch: LIMIT 不同：pred=none，gold=6。",成功 observation 后若为了语义改写 SQL，先执行改写版本；记录改写的是投影、过滤、聚合还是排序。,[AUTO confidence=high] 最终 SQL 与最近执行 SQL 不同；最近 observation=successful rows; last execution differs from gold；结构改写=expression_or_projection_only。
20260714T023630Z-7eab3a22,bird_518,card_games,moderate,3,UNVERIFIED_FINAL,final_sql_rewritten_after_successful_observation,UNVERIFIED_FINAL,final_sql_rewritten_after_successful_observation,SCHEMA_LINKING,table_or_join_path_mismatch,tables,生成 SQL 前记录表、字段来源和 JOIN 路径，并通过 Schema 校验。,"[AUTO confidence=medium] 表集合不同：pred=['banned_counts', 'cards', 'legalities', 'top_formats']，gold=['cards', 'legalities', 'maxbanned']；需复核 gold。 其他同时检测到但未作为主标签的结构差异（供人工复核）：AGGREGATION_REASONING/aggregation_or_grouping_mismatch: GROUP BY 字段不同：pred=['format)', ""name from legalities as l join cards as c on c.uuid = l.uuid where l.status = 'banned' and l.format in (select format from top_formats)"", 'top_formats as (select format from banned_counts where banned_count = (select max(banned_count) from banned_counts)) select distinct l.format']，gold=['format']。; AGGREGATION_REASONING/aggregation_or_grouping_mismatch: 预测与 gold 的聚合关键字不同：max(。; AGGREGATION_REASONING/sort_direction_or_order_scope_mismatch: 排序结构不同：pred=[('format', 'asc'), ('name;', 'asc')]，gold=[('count(*)', 'desc')]。; AGGREGATION_REASONING/limit_or_topk_mismatch: LIMIT 不同：pred=none，gold=1。",成功 observation 后若为了语义改写 SQL，先执行改写版本；记录改写的是投影、过滤、聚合还是排序。,[AUTO confidence=high] 最终 SQL 与最近执行 SQL 不同；最近 observation=successful rows; gold comparison unavailable；结构改写=tables。
20260714T023630Z-7eab3a22,bird_529,card_games,moderate,2,EMPTY_OR_NULL_RESULT,empty_result,,,,,,,,检查过滤值、日期格式和 JOIN 条件，得到非空结果后再提交。,[AUTO confidence=high] 最终 SQL 返回 0 行。
20260714T023630Z-7eab3a22,bird_530,card_games,moderate,4,UNVERIFIED_FINAL,final_sql_rewritten_after_incorrect_observation,UNVERIFIED_FINAL,final_sql_rewritten_after_incorrect_observation,SCHEMA_LINKING,join_key_or_condition_mismatch,LIMIT,核对 JOIN ON 条件使用的外键列是否与 gold 一致，避免选对表但连错关系。,"[AUTO confidence=medium] 表集合相同，但 JOIN 条件涉及的列不同：pred=[]，gold=['uuid']。 其他同时检测到但未作为主标签的结构差异（供人工复核）：AGGREGATION_REASONING/sort_direction_or_order_scope_mismatch: 排序结构不同：pred=[('frameversion', 'asc'), ('name;', 'asc')]，gold=['none']。",成功 observation 后若为了语义改写 SQL，先执行改写版本；记录改写的是投影、过滤、聚合还是排序。,[AUTO confidence=high] 最终 SQL 与最近执行 SQL 不同；最近 observation=successful rows; last execution differs from gold；结构改写=LIMIT。
20260714T023630Z-7eab3a22,bird_533,codebase_community,simple,1,SEMANTIC_REVIEW_REQUIRED,filter_scope_or_expression_mismatch,,,SEMANTIC_REVIEW_REQUIRED,filter_scope_or_expression_mismatch,,记录过滤字段、取值、时间范围和作用层级后再生成 SQL。,[AUTO confidence=low] 最终 SQL 已执行成功，但结果与 gold 不同；列数/表集合/JOIN key/GROUP BY/聚合关键字/排序/LIMIT 均未发现结构差异，需复核过滤范围或 gold 噪声。,记录过滤字段、取值、时间范围和作用层级后再生成 SQL。,[AUTO confidence=low] 最终 SQL 已执行成功，但结果与 gold 不同；列数/表集合/JOIN key/GROUP BY/聚合关键字/排序/LIMIT 均未发现结构差异，需复核过滤范围或 gold 噪声。
20260714T023630Z-7eab3a22,bird_565,codebase_community,moderate,2,UNVERIFIED_FINAL,final_sql_rewritten_after_incorrect_observation,UNVERIFIED_FINAL,final_sql_rewritten_after_incorrect_observation,OUTPUT_CONTRACT,yes_no_vs_row_output_mismatch,LIMIT,在 FINAL 前检查应返回单个 YES/NO 还是逐行原始字段。,[AUTO confidence=medium] 预测与 gold 的 YES/NO 输出形式不同；可能包含 gold/Hint 冲突。 其他同时检测到但未作为主标签的结构差异（供人工复核）：AGGREGATION_REASONING/limit_or_topk_mismatch: LIMIT 不同：pred=1，gold=none。,成功 observation 后若为了语义改写 SQL，先执行改写版本；记录改写的是投影、过滤、聚合还是排序。,[AUTO confidence=high] 最终 SQL 与最近执行 SQL 不同；最近 observation=successful rows; last execution differs from gold；结构改写=LIMIT。
20260714T023630Z-7eab3a22,bird_584,codebase_community,moderate,2,UNVERIFIED_FINAL,final_sql_rewritten_after_incorrect_observation,UNVERIFIED_FINAL,final_sql_rewritten_after_incorrect_observation,SCHEMA_LINKING,table_or_join_path_mismatch,tables,生成 SQL 前记录表、字段来源和 JOIN 路径，并通过 Schema 校验。,"[AUTO confidence=medium] 表集合不同：pred=['comments', 'posthistory', 'posts']，gold=['posthistory', 'posts']；需复核 gold。",成功 observation 后若为了语义改写 SQL，先执行改写版本；记录改写的是投影、过滤、聚合还是排序。,[AUTO confidence=high] 最终 SQL 与最近执行 SQL 不同；最近 observation=successful rows; last execution differs from gold；结构改写=tables。
20260714T023630Z-7eab3a22,bird_586,codebase_community,challenging,3,UNVERIFIED_FINAL,final_sql_rewritten_after_incorrect_observation,UNVERIFIED_FINAL,final_sql_rewritten_after_incorrect_observation,OUTPUT_CONTRACT,output_column_count_mismatch,ORDER BY,生成输出契约并检查列数、顺序和每列含义。,[AUTO confidence=medium] 预测列数=1，gold 列数=2；需复核 gold 合理性。,成功 observation 后若为了语义改写 SQL，先执行改写版本；记录改写的是投影、过滤、聚合还是排序。,[AUTO confidence=high] 最终 SQL 与最近执行 SQL 不同；最近 observation=successful rows; last execution differs from gold；结构改写=ORDER BY。
20260714T023630Z-7eab3a22,bird_595,codebase_community,moderate,1,RUNNER_OR_API,missing_final_sql,,,,,,,,没有有效 FINAL SQL 时自动重试并记录解析错误。,[AUTO confidence=high] 结果文件中的 predicted_sql 为空。
20260714T023630Z-7eab3a22,bird_604,codebase_community,moderate,2,UNVERIFIED_FINAL,final_sql_rewritten_after_incorrect_observation,UNVERIFIED_FINAL,final_sql_rewritten_after_incorrect_observation,AGGREGATION_REASONING,aggregation_or_grouping_mismatch,expression_or_projection_only,生成 SQL 前明确统计对象、分组键和聚合粒度；检查 GROUP BY 的实际字段，而不只是是否出现该关键字。,"[AUTO confidence=medium] GROUP BY 字段不同：pred=['id']，gold=['owneruserid']。 其他同时检测到但未作为主标签的结构差异（供人工复核）：AGGREGATION_REASONING/aggregation_or_grouping_mismatch: 预测与 gold 的聚合关键字不同：sum(, avg(。",成功 observation 后若为了语义改写 SQL，先执行改写版本；记录改写的是投影、过滤、聚合还是排序。,[AUTO confidence=high] 最终 SQL 与最近执行 SQL 不同；最近 observation=successful rows; last execution differs from gold；结构改写=expression_or_projection_only。
20260714T023630Z-7eab3a22,bird_637,codebase_community,moderate,3,UNVERIFIED_FINAL,final_sql_rewritten_after_incorrect_observation,UNVERIFIED_FINAL,final_sql_rewritten_after_incorrect_observation,SCHEMA_LINKING,table_or_join_path_mismatch,"tables, ORDER BY",生成 SQL 前记录表、字段来源和 JOIN 路径，并通过 Schema 校验。,"[AUTO confidence=medium] 表集合不同：pred=['posts', 'split', 'target_posts', 'users']，gold=['posthistory', 'posts', 'users']；需复核 gold。 其他同时检测到但未作为主标签的结构差异（供人工复核）：AGGREGATION_REASONING/sort_direction_or_order_scope_mismatch: 排序结构不同：pred=[('tagname;', 'asc')]，gold=['none']。",成功 observation 后若为了语义改写 SQL，先执行改写版本；记录改写的是投影、过滤、聚合还是排序。,"[AUTO confidence=high] 最终 SQL 与最近执行 SQL 不同；最近 observation=successful rows; last execution differs from gold；结构改写=tables, ORDER BY。"
20260714T023630Z-7eab3a22,bird_639,codebase_community,challenging,6,UNVERIFIED_FINAL,final_sql_rewritten_after_incorrect_observation,UNVERIFIED_FINAL,final_sql_rewritten_after_incorrect_observation,SCHEMA_LINKING,table_or_join_path_mismatch,expression_or_projection_only,生成 SQL 前记录表、字段来源和 JOIN 路径，并通过 Schema 校验。,"[AUTO confidence=medium] 表集合不同：pred=['posts', 'users']，gold=['posthistory', 'tags', 'users']；需复核 gold。 其他同时检测到但未作为主标签的结构差异（供人工复核）：AGGREGATION_REASONING/aggregation_or_grouping_mismatch: 预测与 gold 的聚合关键字不同：sum(。",成功 observation 后若为了语义改写 SQL，先执行改写版本；记录改写的是投影、过滤、聚合还是排序。,[AUTO confidence=high] 最终 SQL 与最近执行 SQL 不同；最近 observation=successful rows; last execution differs from gold；结构改写=expression_or_projection_only。
20260714T023630Z-7eab3a22,bird_640,codebase_community,moderate,2,UNVERIFIED_FINAL,final_sql_rewritten_after_incorrect_observation,UNVERIFIED_FINAL,final_sql_rewritten_after_incorrect_observation,SCHEMA_LINKING,table_or_join_path_mismatch,WHERE,生成 SQL 前记录表、字段来源和 JOIN 路径，并通过 Schema 校验。,"[AUTO confidence=medium] 表集合不同：pred=['posts', 'users']，gold=['posthistory', 'posts', 'users']；需复核 gold。",成功 observation 后若为了语义改写 SQL，先执行改写版本；记录改写的是投影、过滤、聚合还是排序。,[AUTO confidence=high] 最终 SQL 与最近执行 SQL 不同；最近 observation=successful rows; last execution differs from gold；结构改写=WHERE。
20260714T023630Z-7eab3a22,bird_672,codebase_community,moderate,1,AGGREGATION_REASONING,aggregation_or_grouping_mismatch,,,AGGREGATION_REASONING,aggregation_or_grouping_mismatch,,生成 SQL 前明确统计对象、分组键和聚合粒度；检查 GROUP BY 的实际字段，而不只是是否出现该关键字。,"[AUTO confidence=medium] GROUP BY 字段不同：pred=['id']，gold=['none']。 其他同时检测到但未作为主标签的结构差异（供人工复核）：AGGREGATION_REASONING/aggregation_or_grouping_mismatch: 预测与 gold 的聚合关键字不同：having, sum(。",生成 SQL 前明确统计对象、分组键和聚合粒度；检查 GROUP BY 的实际字段，而不只是是否出现该关键字。,"[AUTO confidence=medium] GROUP BY 字段不同：pred=['id']，gold=['none']。 其他同时检测到但未作为主标签的结构差异（供人工复核）：AGGREGATION_REASONING/aggregation_or_grouping_mismatch: 预测与 gold 的聚合关键字不同：having, sum(。"
20260714T023630Z-7eab3a22,bird_682,codebase_community,moderate,4,UNVERIFIED_FINAL,final_sql_rewritten_after_incorrect_observation,UNVERIFIED_FINAL,final_sql_rewritten_after_incorrect_observation,AGGREGATION_REASONING,aggregation_or_grouping_mismatch,"tables, ORDER BY, LIMIT",生成 SQL 前明确统计对象、分组键、聚合函数和聚合后的排序字段。,"[AUTO confidence=medium] 预测与 gold 的聚合关键字不同：max(。 其他同时检测到但未作为主标签的结构差异（供人工复核）：AGGREGATION_REASONING/sort_direction_or_order_scope_mismatch: 排序结构不同：pred=[('id', 'asc')]，gold=[('favoritecount', 'desc')]。",成功 observation 后若为了语义改写 SQL，先执行改写版本；记录改写的是投影、过滤、聚合还是排序。,"[AUTO confidence=high] 最终 SQL 与最近执行 SQL 不同；最近 observation=successful rows; last execution differs from gold；结构改写=tables, ORDER BY, LIMIT。"
20260714T023630Z-7eab3a22,bird_685,codebase_community,moderate,2,UNVERIFIED_FINAL,final_sql_rewritten_after_incorrect_observation,UNVERIFIED_FINAL,final_sql_rewritten_after_incorrect_observation,SCHEMA_LINKING,table_or_join_path_mismatch,"tables, LIMIT",生成 SQL 前记录表、字段来源和 JOIN 路径，并通过 Schema 校验。,"[AUTO confidence=medium] 表集合不同：pred=['latest', 'posthistory', 'posts', 'users']，gold=['posthistory', 'posts', 'users']；需复核 gold。 其他同时检测到但未作为主标签的结构差异（供人工复核）：AGGREGATION_REASONING/sort_direction_or_order_scope_mismatch: 排序结构不同：pred=[('creationdate', 'desc'), ('id', 'desc')]，gold=['none']。; AGGREGATION_REASONING/limit_or_topk_mismatch: LIMIT 不同：pred=1，gold=none。",成功 observation 后若为了语义改写 SQL，先执行改写版本；记录改写的是投影、过滤、聚合还是排序。,"[AUTO confidence=high] 最终 SQL 与最近执行 SQL 不同；最近 observation=successful rows; last execution differs from gold；结构改写=tables, LIMIT。"
20260714T023630Z-7eab3a22,bird_694,codebase_community,moderate,3,UNVERIFIED_FINAL,final_sql_rewritten_after_incorrect_observation,UNVERIFIED_FINAL,final_sql_rewritten_after_incorrect_observation,SCHEMA_LINKING,table_or_join_path_mismatch,"tables, ORDER BY, LIMIT",生成 SQL 前记录表、字段来源和 JOIN 路径，并通过 Schema 校验。,"[AUTO confidence=medium] 表集合不同：pred=['comments', 'posts']，gold=['comments', 'posts', 'users']；需复核 gold。",成功 observation 后若为了语义改写 SQL，先执行改写版本；记录改写的是投影、过滤、聚合还是排序。,"[AUTO confidence=high] 最终 SQL 与最近执行 SQL 不同；最近 observation=successful rows; last execution differs from gold；结构改写=tables, ORDER BY, LIMIT。"
20260714T023630Z-7eab3a22,bird_710,codebase_community,simple,1,SEMANTIC_REVIEW_REQUIRED,filter_scope_or_expression_mismatch,,,SEMANTIC_REVIEW_REQUIRED,filter_scope_or_expression_mismatch,,记录过滤字段、取值、时间范围和作用层级后再生成 SQL。,[AUTO confidence=low] 最终 SQL 已执行成功，但结果与 gold 不同；列数/表集合/JOIN key/GROUP BY/聚合关键字/排序/LIMIT 均未发现结构差异，需复核过滤范围或 gold 噪声。,记录过滤字段、取值、时间范围和作用层级后再生成 SQL。,[AUTO confidence=low] 最终 SQL 已执行成功，但结果与 gold 不同；列数/表集合/JOIN key/GROUP BY/聚合关键字/排序/LIMIT 均未发现结构差异，需复核过滤范围或 gold 噪声。
20260714T023630Z-7eab3a22,bird_72,california_schools,moderate,2,UNVERIFIED_FINAL,final_sql_rewritten_after_incorrect_observation,UNVERIFIED_FINAL,final_sql_rewritten_after_incorrect_observation,AGGREGATION_REASONING,aggregation_or_grouping_mismatch,aggregate,生成 SQL 前明确统计对象、分组键、聚合函数和聚合后的排序字段。,[AUTO confidence=medium] 预测与 gold 的聚合关键字不同：sum(。,成功 observation 后若为了语义改写 SQL，先执行改写版本；记录改写的是投影、过滤、聚合还是排序。,[AUTO confidence=high] 最终 SQL 与最近执行 SQL 不同；最近 observation=successful rows; last execution differs from gold；结构改写=aggregate。
20260714T023630Z-7eab3a22,bird_728,superhero,moderate,2,UNVERIFIED_FINAL,final_sql_rewritten_after_incorrect_observation,UNVERIFIED_FINAL,final_sql_rewritten_after_incorrect_observation,OUTPUT_CONTRACT,output_column_count_mismatch,expression_or_projection_only,生成输出契约并检查列数、顺序和每列含义。,"[AUTO confidence=medium] 预测列数=2，gold 列数=3；需复核 gold 合理性。 其他同时检测到但未作为主标签的结构差异（供人工复核）：AGGREGATION_REASONING/aggregation_or_grouping_mismatch: 预测与 gold 的聚合关键字不同：rank(。; AGGREGATION_REASONING/sort_direction_or_order_scope_mismatch: 排序结构不同：pred=[('popularity', 'desc'), ('eye_colour ;', 'asc')]，gold=[(""count(superhero.id) ) as popularityrank from superhero inner join colour on superhero.eye_colour_id = colour.id inner join publisher on superhero.publisher_id = publisher.id where publisher.publisher_name = 'marvel comics' group by colour.colour"", 'desc')]。",成功 observation 后若为了语义改写 SQL，先执行改写版本；记录改写的是投影、过滤、聚合还是排序。,[AUTO confidence=high] 最终 SQL 与最近执行 SQL 不同；最近 observation=successful rows; last execution differs from gold；结构改写=expression_or_projection_only。
20260714T023630Z-7eab3a22,bird_743,superhero,challenging,2,UNVERIFIED_FINAL,final_sql_rewritten_after_incorrect_observation,UNVERIFIED_FINAL,final_sql_rewritten_after_incorrect_observation,SEMANTIC_REVIEW_REQUIRED,filter_scope_or_expression_mismatch,expression_or_projection_only,记录过滤字段、取值、时间范围和作用层级后再生成 SQL。,[AUTO confidence=low] 最终 SQL 已执行成功，但结果与 gold 不同；列数/表集合/JOIN key/GROUP BY/聚合关键字/排序/LIMIT 均未发现结构差异，需复核过滤范围或 gold 噪声。,成功 observation 后若为了语义改写 SQL，先执行改写版本；记录改写的是投影、过滤、聚合还是排序。,[AUTO confidence=high] 最终 SQL 与最近执行 SQL 不同；最近 observation=successful rows; last execution differs from gold；结构改写=expression_or_projection_only。
20260714T023630Z-7eab3a22,bird_751,superhero,moderate,1,AGGREGATION_REASONING,sort_direction_or_order_scope_mismatch,,,AGGREGATION_REASONING,sort_direction_or_order_scope_mismatch,,显式记录排序字段、方向，以及排序发生在聚合前还是聚合后；不能只检查是否出现 ASC/DESC。,"[AUTO confidence=medium] 排序结构不同：pred=[('power_name', 'asc')]，gold=['none']。",显式记录排序字段、方向，以及排序发生在聚合前还是聚合后；不能只检查是否出现 ASC/DESC。,"[AUTO confidence=medium] 排序结构不同：pred=[('power_name', 'asc')]，gold=['none']。"
20260714T023630Z-7eab3a22,bird_83,california_schools,challenging,2,UNVERIFIED_FINAL,final_sql_rewritten_after_incorrect_observation,UNVERIFIED_FINAL,final_sql_rewritten_after_incorrect_observation,OUTPUT_CONTRACT,output_column_count_mismatch,"tables, GROUP BY, ORDER BY, LIMIT, aggregate",生成输出契约并检查列数、顺序和每列含义。,"[AUTO confidence=medium] 预测列数=4，gold 列数=2；需复核 gold 合理性。 其他同时检测到但未作为主标签的结构差异（供人工复核）：SCHEMA_LINKING/table_or_join_path_mismatch: 表集合不同：pred=['frpm', 'k8_schools', 'mpt_count', 'schools']，gold=['frpm', 'schools']；需复核 gold。; AGGREGATION_REASONING/sort_direction_or_order_scope_mismatch: 排序结构不同：pred=[('city;', 'asc')]，gold=['none']。",成功 observation 后若为了语义改写 SQL，先执行改写版本；记录改写的是投影、过滤、聚合还是排序。,"[AUTO confidence=high] 最终 SQL 与最近执行 SQL 不同；最近 observation=successful rows; last execution differs from gold；结构改写=tables, GROUP BY, ORDER BY, LIMIT, aggregate。"
20260714T023630Z-7eab3a22,bird_847,formula_1,simple,2,UNVERIFIED_FINAL,final_sql_rewritten_after_incorrect_observation,UNVERIFIED_FINAL,final_sql_rewritten_after_incorrect_observation,AGGREGATION_REASONING,aggregation_or_grouping_mismatch,"ORDER BY, LIMIT, aggregate",生成 SQL 前明确统计对象、分组键、聚合函数和聚合后的排序字段。,"[AUTO confidence=medium] 预测与 gold 的聚合关键字不同：min(。 其他同时检测到但未作为主标签的结构差异（供人工复核）：AGGREGATION_REASONING/sort_direction_or_order_scope_mismatch: 排序结构不同：pred=['none']，gold=[('q2', 'asc')]。; AGGREGATION_REASONING/limit_or_topk_mismatch: LIMIT 不同：pred=none，gold=1。",成功 observation 后若为了语义改写 SQL，先执行改写版本；记录改写的是投影、过滤、聚合还是排序。,"[AUTO confidence=high] 最终 SQL 与最近执行 SQL 不同；最近 observation=successful rows; last execution differs from gold；结构改写=ORDER BY, LIMIT, aggregate。"
20260714T023630Z-7eab3a22,bird_865,formula_1,moderate,2,UNVERIFIED_FINAL,final_sql_rewritten_after_incorrect_observation,UNVERIFIED_FINAL,final_sql_rewritten_after_incorrect_observation,OUTPUT_CONTRACT,output_column_count_mismatch,expression_or_projection_only,生成输出契约并检查列数、顺序和每列含义。,"[AUTO confidence=medium] 预测列数=1，gold 列数=2；需复核 gold 合理性。 其他同时检测到但未作为主标签的结构差异（供人工复核）：AGGREGATION_REASONING/sort_direction_or_order_scope_mismatch: 排序结构不同：pred=[('dob', 'asc'), ('driverid', 'asc')]，gold=[('dob', 'asc')]。",成功 observation 后若为了语义改写 SQL，先执行改写版本；记录改写的是投影、过滤、聚合还是排序。,[AUTO confidence=high] 最终 SQL 与最近执行 SQL 不同；最近 observation=successful rows; last execution differs from gold；结构改写=expression_or_projection_only。
20260714T023630Z-7eab3a22,bird_87,california_schools,challenging,2,UNVERIFIED_FINAL,final_without_db_execution,UNVERIFIED_FINAL,final_without_db_execution,OUTPUT_CONTRACT,output_column_count_mismatch,no_prior_execution,生成输出契约并检查列数、顺序和每列含义。,"[AUTO confidence=medium] 预测列数=1，gold 列数=2；需复核 gold 合理性。 其他同时检测到但未作为主标签的结构差异（供人工复核）：SCHEMA_LINKING/table_or_join_path_mismatch: 表集合不同：pred=['eligible', 'schools']，gold=['frpm', 'schools']；需复核 gold。; AGGREGATION_REASONING/sort_direction_or_order_scope_mismatch: 排序结构不同：pred=[('email;', 'asc')]，gold=['none']。",在首次 FINAL 前先执行将要提交的 SQL，并把执行状态写入 trace。,[AUTO confidence=high] 最终 SQL 前没有 db.execute 记录。
20260714T023630Z-7eab3a22,bird_879,formula_1,moderate,2,AGGREGATION_REASONING,aggregation_or_grouping_mismatch,,,AGGREGATION_REASONING,aggregation_or_grouping_mismatch,,生成 SQL 前明确统计对象、分组键、聚合函数和聚合后的排序字段。,"[AUTO confidence=medium] 预测与 gold 的聚合关键字不同：max(。 其他同时检测到但未作为主标签的结构差异（供人工复核）：AGGREGATION_REASONING/sort_direction_or_order_scope_mismatch: 排序结构不同：pred=['none']，gold=[('fastestlapspeed', 'desc')]。",生成 SQL 前明确统计对象、分组键、聚合函数和聚合后的排序字段。,"[AUTO confidence=medium] 预测与 gold 的聚合关键字不同：max(。 其他同时检测到但未作为主标签的结构差异（供人工复核）：AGGREGATION_REASONING/sort_direction_or_order_scope_mismatch: 排序结构不同：pred=['none']，gold=[('fastestlapspeed', 'desc')]。"
20260714T023630Z-7eab3a22,bird_896,formula_1,challenging,4,UNVERIFIED_FINAL,final_sql_rewritten_after_incorrect_observation,UNVERIFIED_FINAL,final_sql_rewritten_after_incorrect_observation,SCHEMA_LINKING,table_or_join_path_mismatch,expression_or_projection_only,生成 SQL 前记录表、字段来源和 JOIN 路径，并通过 Schema 校验。,"[AUTO confidence=medium] 表集合不同：pred=['drivers', 'races', 'results']，gold=['drivers', 'driverstandings', 'races']；需复核 gold。",成功 observation 后若为了语义改写 SQL，先执行改写版本；记录改写的是投影、过滤、聚合还是排序。,[AUTO confidence=high] 最终 SQL 与最近执行 SQL 不同；最近 observation=successful rows; last execution differs from gold；结构改写=expression_or_projection_only。
20260714T023630Z-7eab3a22,bird_897,formula_1,moderate,4,UNVERIFIED_FINAL,final_sql_rewritten_after_incorrect_observation,UNVERIFIED_FINAL,final_sql_rewritten_after_incorrect_observation,OUTPUT_CONTRACT,output_column_count_mismatch,"tables, WHERE",生成输出契约并检查列数、顺序和每列含义。,"[AUTO confidence=medium] 预测列数=3，gold 列数=4；需复核 gold 合理性。 其他同时检测到但未作为主标签的结构差异（供人工复核）：SCHEMA_LINKING/table_or_join_path_mismatch: 表集合不同：pred=['drivers', 'driverstandings', 'point_scores', 'results', 'win_counts']，gold=['drivers', 'driverstandings']；需复核 gold。; AGGREGATION_REASONING/aggregation_or_grouping_mismatch: GROUP BY 字段不同：pred=['driverid)', 'max_points from win_counts wc join drivers d on d.driverid = wc.driverid join point_scores ps on ps.driverid = wc.driverid', 'nationality', ""point_scores as (select driverid, max(points) as max_points from driverstandings group by driverid) select d.forename || ' ' || d.surname as full_name""]，gold=['forename', 'nationality', 'surname']。; AGGREGATION_REASONING/sort_direction_or_order_scope_mismatch: 排序结构不同：pred=[('win_count', 'desc'), ('max_points', 'desc'), ('full_name', 'asc')]，gold=[('count(t2.wins)', 'desc')]。",成功 observation 后若为了语义改写 SQL，先执行改写版本；记录改写的是投影、过滤、聚合还是排序。,"[AUTO confidence=high] 最终 SQL 与最近执行 SQL 不同；最近 observation=successful rows; last execution differs from gold；结构改写=tables, WHERE。"
20260714T023630Z-7eab3a22,bird_902,formula_1,simple,2,UNVERIFIED_FINAL,final_sql_rewritten_after_incorrect_observation,UNVERIFIED_FINAL,final_sql_rewritten_after_incorrect_observation,SCHEMA_LINKING,table_or_join_path_mismatch,"tables, GROUP BY, ORDER BY, aggregate",生成 SQL 前记录表、字段来源和 JOIN 路径，并通过 Schema 校验。,"[AUTO confidence=medium] 表集合不同：pred=['drivers', 'races', 'results']，gold=['drivers', 'driverstandings', 'races']；需复核 gold。 其他同时检测到但未作为主标签的结构差异（供人工复核）：AGGREGATION_REASONING/aggregation_or_grouping_mismatch: GROUP BY 字段不同：pred=['name']，gold=['none']。; AGGREGATION_REASONING/aggregation_or_grouping_mismatch: 预测与 gold 的聚合关键字不同：min(。; AGGREGATION_REASONING/sort_direction_or_order_scope_mismatch: 排序结构不同：pred=[('min(r.year)', 'asc'), ('min(r.round);', 'asc')]，gold=['none']。",成功 observation 后若为了语义改写 SQL，先执行改写版本；记录改写的是投影、过滤、聚合还是排序。,"[AUTO confidence=high] 最终 SQL 与最近执行 SQL 不同；最近 observation=successful rows; last execution differs from gold；结构改写=tables, GROUP BY, ORDER BY, aggregate。"
20260714T023630Z-7eab3a22,bird_906,formula_1,moderate,4,UNVERIFIED_FINAL,final_sql_rewritten_after_incorrect_observation,UNVERIFIED_FINAL,final_sql_rewritten_after_incorrect_observation,SCHEMA_LINKING,table_or_join_path_mismatch,aggregate,生成 SQL 前记录表、字段来源和 JOIN 路径，并通过 Schema 校验。,"[AUTO confidence=medium] 表集合不同：pred=['drivers', 'races', 'results']，gold=['drivers', 'driverstandings', 'races']；需复核 gold。 其他同时检测到但未作为主标签的结构差异（供人工复核）：AGGREGATION_REASONING/aggregation_or_grouping_mismatch: 预测与 gold 的聚合关键字不同：min(。; AGGREGATION_REASONING/sort_direction_or_order_scope_mismatch: 排序结构不同：pred=[('round', 'asc')]，gold=[('year', 'asc')]。",成功 observation 后若为了语义改写 SQL，先执行改写版本；记录改写的是投影、过滤、聚合还是排序。,[AUTO confidence=high] 最终 SQL 与最近执行 SQL 不同；最近 observation=successful rows; last execution differs from gold；结构改写=aggregate。
20260714T023630Z-7eab3a22,bird_928,formula_1,moderate,4,UNVERIFIED_FINAL,final_sql_rewritten_after_incorrect_observation,UNVERIFIED_FINAL,final_sql_rewritten_after_incorrect_observation,OUTPUT_CONTRACT,output_column_count_mismatch,"tables, LIMIT",生成输出契约并检查列数、顺序和每列含义。,[AUTO confidence=medium] 预测列数=1，gold 列数=3；需复核 gold 合理性。 其他同时检测到但未作为主标签的结构差异（供人工复核）：AGGREGATION_REASONING/limit_or_topk_mismatch: LIMIT 不同：pred=1，gold=none。,成功 observation 后若为了语义改写 SQL，先执行改写版本；记录改写的是投影、过滤、聚合还是排序。,"[AUTO confidence=high] 最终 SQL 与最近执行 SQL 不同；最近 observation=successful rows; last execution differs from gold；结构改写=tables, LIMIT。"
20260714T023630Z-7eab3a22,bird_930,formula_1,simple,2,UNVERIFIED_FINAL,final_sql_rewritten_after_incorrect_observation,UNVERIFIED_FINAL,final_sql_rewritten_after_incorrect_observation,SCHEMA_LINKING,join_key_or_condition_mismatch,"LIMIT, aggregate",核对 JOIN ON 条件使用的外键列是否与 gold 一致，避免选对表但连错关系。,"[AUTO confidence=medium] 表集合相同，但 JOIN 条件涉及的列不同：pred=['driverid', 'raceid']，gold=[]。 其他同时检测到但未作为主标签的结构差异（供人工复核）：AGGREGATION_REASONING/aggregation_or_grouping_mismatch: 预测与 gold 的聚合关键字不同：min(。; AGGREGATION_REASONING/sort_direction_or_order_scope_mismatch: 排序结构不同：pred=[('name;', 'asc')]，gold=['none']。",成功 observation 后若为了语义改写 SQL，先执行改写版本；记录改写的是投影、过滤、聚合还是排序。,"[AUTO confidence=high] 最终 SQL 与最近执行 SQL 不同；最近 observation=successful rows; last execution differs from gold；结构改写=LIMIT, aggregate。"
20260714T023630Z-7eab3a22,bird_937,formula_1,simple,2,UNVERIFIED_FINAL,final_sql_rewritten_after_incorrect_observation,UNVERIFIED_FINAL,final_sql_rewritten_after_incorrect_observation,SEMANTIC_REVIEW_REQUIRED,filter_scope_or_expression_mismatch,tables,记录过滤字段、取值、时间范围和作用层级后再生成 SQL。,[AUTO confidence=low] 最终 SQL 已执行成功，但结果与 gold 不同；列数/表集合/JOIN key/GROUP BY/聚合关键字/排序/LIMIT 均未发现结构差异，需复核过滤范围或 gold 噪声。,成功 observation 后若为了语义改写 SQL，先执行改写版本；记录改写的是投影、过滤、聚合还是排序。,[AUTO confidence=high] 最终 SQL 与最近执行 SQL 不同；最近 observation=successful rows; last execution differs from gold；结构改写=tables。
20260714T023630Z-7eab3a22,bird_94,financial,challenging,2,UNVERIFIED_FINAL,final_sql_rewritten_after_incorrect_observation,UNVERIFIED_FINAL,final_sql_rewritten_after_incorrect_observation,SCHEMA_LINKING,table_or_join_path_mismatch,"tables, ORDER BY",生成 SQL 前记录表、字段来源和 JOIN 路径，并通过 Schema 校验。,"[AUTO confidence=medium] 表集合不同：pred=['account', 'bounds', 'client', 'disp', 'district', 'female']，gold=['account', 'client', 'disp', 'district']；需复核 gold。 其他同时检测到但未作为主标签的结构差异（供人工复核）：AGGREGATION_REASONING/sort_direction_or_order_scope_mismatch: 排序结构不同：pred=[('account_number;', 'asc')]，gold=[('birth_date', 'asc')]。; AGGREGATION_REASONING/limit_or_topk_mismatch: LIMIT 不同：pred=none，gold=1。",成功 observation 后若为了语义改写 SQL，先执行改写版本；记录改写的是投影、过滤、聚合还是排序。,"[AUTO confidence=high] 最终 SQL 与最近执行 SQL 不同；最近 observation=successful rows; last execution differs from gold；结构改写=tables, ORDER BY。"
20260714T023630Z-7eab3a22,bird_944,formula_1,challenging,4,UNVERIFIED_FINAL,final_sql_changed_after_empty_result,UNVERIFIED_FINAL,final_sql_changed_after_empty_result,SCHEMA_LINKING,table_or_join_path_mismatch,"tables, ORDER BY, LIMIT",生成 SQL 前记录表、字段来源和 JOIN 路径，并通过 Schema 校验。,"[AUTO confidence=medium] 表集合不同：pred=['champion', 'finishers', 'last_driver', 'race', 'races', 'results']，gold=['champion_time', 'last_driver_incremental', 'races', 'results', 'time_in_seconds']；需复核 gold。 其他同时检测到但未作为主标签的结构差异（供人工复核）：AGGREGATION_REASONING/aggregation_or_grouping_mismatch: 预测与 gold 的聚合关键字不同：max(。; AGGREGATION_REASONING/sort_direction_or_order_scope_mismatch: 排序结构不同：pred=[('positionorder', 'asc')]，gold=['none']。; AGGREGATION_REASONING/limit_or_topk_mismatch: LIMIT 不同：pred=1，gold=none。",空结果后若修改过滤、JOIN 或日期条件，执行改写后的 SQL 后再决定是否 FINAL。,"[AUTO confidence=high] 最终 SQL 与最近执行 SQL 不同；最近 observation=0 rows；结构改写=tables, ORDER BY, LIMIT。"
20260714T023630Z-7eab3a22,bird_95,financial,moderate,2,UNVERIFIED_FINAL,final_sql_rewritten_after_incorrect_observation,UNVERIFIED_FINAL,final_sql_rewritten_after_incorrect_observation,SCHEMA_LINKING,table_or_join_path_mismatch,"tables, WHERE, ORDER BY",生成 SQL 前记录表、字段来源和 JOIN 路径，并通过 Schema 校验。,"[AUTO confidence=medium] 表集合不同：pred=['client', 'disp', 'district']，gold=['account', 'client', 'disp', 'district']；需复核 gold。 其他同时检测到但未作为主标签的结构差异（供人工复核）：AGGREGATION_REASONING/aggregation_or_grouping_mismatch: GROUP BY 字段不同：pred=['none']，gold=['a11', 'account_id']。; AGGREGATION_REASONING/aggregation_or_grouping_mismatch: 预测与 gold 的聚合关键字不同：max(。; AGGREGATION_REASONING/sort_direction_or_order_scope_mismatch: 排序结构不同：pred=[('account_id;', 'asc')]，gold=[('birth_date', 'desc')]。; AGGREGATION_REASONING/limit_or_topk_mismatch: LIMIT 不同：pred=none，gold=1。",成功 observation 后若为了语义改写 SQL，先执行改写版本；记录改写的是投影、过滤、聚合还是排序。,"[AUTO confidence=high] 最终 SQL 与最近执行 SQL 不同；最近 observation=successful rows; last execution differs from gold；结构改写=tables, WHERE, ORDER BY。"
20260714T023630Z-7eab3a22,bird_950,formula_1,simple,2,UNVERIFIED_FINAL,final_sql_rewritten_after_incorrect_observation,UNVERIFIED_FINAL,final_sql_rewritten_after_incorrect_observation,SCHEMA_LINKING,table_or_join_path_mismatch,expression_or_projection_only,生成 SQL 前记录表、字段来源和 JOIN 路径，并通过 Schema 校验。,"[AUTO confidence=medium] 表集合不同：pred=['constructorresults', 'constructors']，gold=['constructors', 'constructorstandings']；需复核 gold。 其他同时检测到但未作为主标签的结构差异（供人工复核）：AGGREGATION_REASONING/sort_direction_or_order_scope_mismatch: 排序结构不同：pred=[('name;', 'asc')]，gold=['none']。",成功 observation 后若为了语义改写 SQL，先执行改写版本；记录改写的是投影、过滤、聚合还是排序。,[AUTO confidence=high] 最终 SQL 与最近执行 SQL 不同；最近 observation=successful rows; last execution differs from gold；结构改写=expression_or_projection_only。
20260714T023630Z-7eab3a22,bird_951,formula_1,simple,2,UNVERIFIED_FINAL,final_sql_rewritten_after_incorrect_observation,UNVERIFIED_FINAL,final_sql_rewritten_after_incorrect_observation,SCHEMA_LINKING,table_or_join_path_mismatch,expression_or_projection_only,生成 SQL 前记录表、字段来源和 JOIN 路径，并通过 Schema 校验。,"[AUTO confidence=medium] 表集合不同：pred=['constructorresults', 'constructors']，gold=['constructors', 'constructorstandings']；需复核 gold。 其他同时检测到但未作为主标签的结构差异（供人工复核）：AGGREGATION_REASONING/aggregation_or_grouping_mismatch: 预测与 gold 的聚合关键字不同：sum(。",成功 observation 后若为了语义改写 SQL，先执行改写版本；记录改写的是投影、过滤、聚合还是排序。,[AUTO confidence=high] 最终 SQL 与最近执行 SQL 不同；最近 observation=successful rows; last execution differs from gold；结构改写=expression_or_projection_only。
20260714T023630Z-7eab3a22,bird_955,formula_1,challenging,2,SCHEMA_LINKING,table_or_join_path_mismatch,,,SCHEMA_LINKING,table_or_join_path_mismatch,,生成 SQL 前记录表、字段来源和 JOIN 路径，并通过 Schema 校验。,"[AUTO confidence=medium] 表集合不同：pred=['champion_times', 'races', 'results']，gold=['champion_time', 'races', 'results', 'time_in_seconds']；需复核 gold。 其他同时检测到但未作为主标签的结构差异（供人工复核）：AGGREGATION_REASONING/aggregation_or_grouping_mismatch: 预测与 gold 的聚合关键字不同：having。; AGGREGATION_REASONING/sort_direction_or_order_scope_mismatch: 排序结构不同：pred=[('year;', 'asc')]，gold=['none']。",生成 SQL 前记录表、字段来源和 JOIN 路径，并通过 Schema 校验。,"[AUTO confidence=medium] 表集合不同：pred=['champion_times', 'races', 'results']，gold=['champion_time', 'races', 'results', 'time_in_seconds']；需复核 gold。 其他同时检测到但未作为主标签的结构差异（供人工复核）：AGGREGATION_REASONING/aggregation_or_grouping_mismatch: 预测与 gold 的聚合关键字不同：having。; AGGREGATION_REASONING/sort_direction_or_order_scope_mismatch: 排序结构不同：pred=[('year;', 'asc')]，gold=['none']。"
20260714T023630Z-7eab3a22,bird_959,formula_1,simple,4,UNVERIFIED_FINAL,final_sql_rewritten_after_incorrect_observation,UNVERIFIED_FINAL,final_sql_rewritten_after_incorrect_observation,SCHEMA_LINKING,table_or_join_path_mismatch,tables,生成 SQL 前记录表、字段来源和 JOIN 路径，并通过 Schema 校验。,"[AUTO confidence=medium] 表集合不同：pred=['champion', 'driverstandings', 'races', 'results']，gold=['races', 'results']；需复核 gold。 其他同时检测到但未作为主标签的结构差异（供人工复核）：AGGREGATION_REASONING/sort_direction_or_order_scope_mismatch: 排序结构不同：pred=[('round', 'desc'), ('position', 'asc')]，gold=['none']。; AGGREGATION_REASONING/limit_or_topk_mismatch: LIMIT 不同：pred=1，gold=none。",成功 observation 后若为了语义改写 SQL，先执行改写版本；记录改写的是投影、过滤、聚合还是排序。,[AUTO confidence=high] 最终 SQL 与最近执行 SQL 不同；最近 observation=successful rows; last execution differs from gold；结构改写=tables。
20260714T023630Z-7eab3a22,bird_963,formula_1,moderate,2,UNVERIFIED_FINAL,final_sql_rewritten_after_incorrect_observation,UNVERIFIED_FINAL,final_sql_rewritten_after_incorrect_observation,SEMANTIC_REVIEW_REQUIRED,filter_scope_or_expression_mismatch,expression_or_projection_only,记录过滤字段、取值、时间范围和作用层级后再生成 SQL。,[AUTO confidence=low] 最终 SQL 已执行成功，但结果与 gold 不同；列数/表集合/JOIN key/GROUP BY/聚合关键字/排序/LIMIT 均未发现结构差异，需复核过滤范围或 gold 噪声。,成功 observation 后若为了语义改写 SQL，先执行改写版本；记录改写的是投影、过滤、聚合还是排序。,[AUTO confidence=high] 最终 SQL 与最近执行 SQL 不同；最近 observation=successful rows; last execution differs from gold；结构改写=expression_or_projection_only。
20260714T023630Z-7eab3a22,bird_967,formula_1,simple,2,UNVERIFIED_FINAL,final_sql_rewritten_after_incorrect_observation,UNVERIFIED_FINAL,final_sql_rewritten_after_incorrect_observation,OUTPUT_CONTRACT,output_column_count_mismatch,"tables, aggregate",生成输出契约并检查列数、顺序和每列含义。,"[AUTO confidence=medium] 预测列数=2，gold 列数=1；需复核 gold 合理性。 其他同时检测到但未作为主标签的结构差异（供人工复核）：SCHEMA_LINKING/table_or_join_path_mismatch: 表集合不同：pred=['drivers', 'nl_count', 'ranked']，gold=['drivers']；需复核 gold。; AGGREGATION_REASONING/sort_direction_or_order_scope_mismatch: 排序结构不同：pred=[('dob', 'desc'), ('driverid ) as rn from drivers )', 'asc'), (""nl_count as ( select count(*) as netherlandic_count from ranked where rn <= 3 and nationality in ('dutch', 'netherlandic') ) select r.code"", 'asc'), ('netherlandic_count from ranked r cross join nl_count n where r.rn <= 3 order by r.rn;', 'asc')]，gold=[('julianday(t1.dob)', 'desc')]。; AGGREGATION_REASONING/limit_or_topk_mismatch: LIMIT 不同：pred=none，gold=3。",成功 observation 后若为了语义改写 SQL，先执行改写版本；记录改写的是投影、过滤、聚合还是排序。,"[AUTO confidence=high] 最终 SQL 与最近执行 SQL 不同；最近 observation=successful rows; last execution differs from gold；结构改写=tables, aggregate。"
20260714T023630Z-7eab3a22,bird_989,formula_1,moderate,3,OUTPUT_CONTRACT,output_column_count_mismatch,,,OUTPUT_CONTRACT,output_column_count_mismatch,,生成输出契约并检查列数、顺序和每列含义。,"[AUTO confidence=medium] 预测列数=2，gold 列数=1；需复核 gold 合理性。 其他同时检测到但未作为主标签的结构差异（供人工复核）：SCHEMA_LINKING/table_or_join_path_mismatch: 表集合不同：pred=['drivers', 'races', 'results']，gold=['races', 'results']；需复核 gold。",生成输出契约并检查列数、顺序和每列含义。,"[AUTO confidence=medium] 预测列数=2，gold 列数=1；需复核 gold 合理性。 其他同时检测到但未作为主标签的结构差异（供人工复核）：SCHEMA_LINKING/table_or_join_path_mismatch: 表集合不同：pred=['drivers', 'races', 'results']，gold=['races', 'results']；需复核 gold。"
